尺码推荐	尺码推荐
婴幼儿童装98是多大小朋友穿的	尺码推荐
我弟170左右应该穿什么尺码	尺码推荐
我一岁半的弟弟应该多大的裤子	尺码推荐
180cm 应该穿什么码	尺码推荐
朋友孩子5岁适合什么尺码	尺码推荐
标准180该买什么码	尺码推荐
裙子尺码，体重100斤左右，且身高158	尺码推荐
请问42.5的脚要买uk几码的椰子呢	尺码推荐
我平常换S码，这款我穿着s码大不大	尺码推荐
你好，185，左右买pokemon联名的半袖L号可以吗	尺码推荐
V BOMBER M 夹克 我170 左右 买多大的	尺码推荐
运动胸衣80穿多大的	尺码推荐
我248mm穿多大的鞋子	尺码推荐
标准180该买什么码的	尺码推荐
我爸爸体重130左右应该穿什么尺码	尺码推荐
周岁宝宝穿多大	尺码推荐
A_2XL的尺码我是不是要穿180cm的	尺码推荐
手套的尺寸145mm订那个？	尺码推荐
245mm我应该买多大的	尺码推荐
43码的三叶草鞋子这款穿那个尺码	尺码推荐
我脚长255mm 鞋子买什么尺码的	尺码推荐
商品材质	商品材质
这件是羽绒的材质吗	商品材质
这款鞋子是boost的材质吗 	商品材质
请问这个衣服是速干材质吗	商品材质
这个短袖涤纶材质的衣服	商品材质
YEEZY是boost的材质吗？	商品材质
这个羽绒服是鸭绒的吗	商品材质
这个是针织面料的鞋子？	商品材质
请问这款鞋子是marquee boost材质吗	商品材质
这个棉服含绒量多少。	商品材质
这个涤纶短袖含有棉质材质吗？	商品材质
货号:FJ6582 面料成分多少。	商品材质
fw2598是面料速干材质吗	商品材质
这个运动裤是速干材质还是那种滑滑的材质	商品材质
这个夜跑鞋子鞋面是一片式针织材质吗？	商品材质
EE4960鞋底是橡胶大底嘛	商品材质
这个运动裤是速干的么	商品材质
350的鞋子鞋面是什么材质啊	商品材质
这个长跑鞋子是什么材质的	商品材质
这个短袖是纯棉的吗	商品材质
这款是速干的吗	商品材质
这款是百分之几的含绒量啊	商品材质
 他的填充物是白鸭绒还是灰鸭绒	商品材质
充绒量多少？ 	商品材质
鞋底是软的还是硬的 	商品材质
商品库存（商品下单库存_换货库存）	商品库存（商品下单库存_换货库存）
EG4959这双鞋子38码还有库存吗	商品库存（商品下单库存_换货库存）
我刚订了s码的有48的吗	商品库存（商品下单库存_换货库存）
这件羽绒服没有码了吗	商品库存（商品下单库存_换货库存）
这次yeezy数量多吗	商品库存（商品下单库存_换货库存）
请问彩虹底的什么时候有货	商品库存（商品下单库存_换货库存）
有些码显示灰色是没有库存了吗	商品库存（商品下单库存_换货库存）
存货量多么？	商品库存（商品下单库存_换货库存）
这件裤子还有库存吗 我怎么看不到了？	商品库存（商品下单库存_换货库存）
CP9366  41码的还有几件	商品库存（商品下单库存_换货库存）
这个棉服有3xl的库存吗	商品库存（商品下单库存_换货库存）
这个商品有48的尺码？	商品库存（商品下单库存_换货库存）
我想知道这个鞋子还有49码	商品库存（商品下单库存_换货库存）
请问你们出过3XL的短袖吗	商品库存（商品下单库存_换货库存）
这个鞋子37码的库存一共有多少？	商品库存（商品下单库存_换货库存）
EG4959的这双鞋子目前还有42码的吗	商品库存（商品下单库存_换货库存）
这款36的还有吗	商品库存（商品下单库存_换货库存）
这款鞋子现在还有库存吗	商品库存（商品下单库存_换货库存）
货号B43615是没有库存了吗，我看下架了，	商品库存（商品下单库存_换货库存）
37的没货了？还是没有出过这个尺码	商品库存（商品下单库存_换货库存）
这双鞋有35.5吗？最小尺码我看是36	商品库存（商品下单库存_换货库存）
EG4958这款商品XL码还有库存吗？	商品库存（商品下单库存_换货库存）
我需要买的这个贝壳头41码还有库存吗？	商品库存（商品下单库存_换货库存）
这款衣服L码还有库存吗？	商品库存（商品下单库存_换货库存）
我很喜欢这双鞋子，请帮我看下XL还有库存吗？	商品库存（商品下单库存_换货库存）
帮我看下这款商品还有库存吗？	商品库存（商品下单库存_换货库存）
这件商品你可以帮我查下商品库存吗？	商品库存（商品下单库存_换货库存）
这个商品41码还有库存吗？	商品库存（商品下单库存_换货库存）
我要xl码，你帮我看下还有没有尺码了？	商品库存（商品下单库存_换货库存）
我刚看到一件裤子很喜欢，请问还有吗？	商品库存（商品下单库存_换货库存）
我刚订了s码的有48的吗？	商品库存（商品下单库存_换货库存）
阿迪达斯b37616有货吗？	商品库存（商品下单库存_换货库存）
这个商品还有货吗？我想买。	商品库存（商品下单库存_换货库存）
此款鞋子为什么没有39码的?	商品库存（商品下单库存_换货库存）
合并发货	合并发货
我的鞋子是印制的，可以跟其他不是印制的一起发货吗	合并发货
两个没有发货的订单可以一起发货吗	合并发货
我的订单和我妈妈的订单可以一起发货的	合并发货
两个账户的订单，但是都没有发货，地址一样，可以一起发货吧	合并发货
多个订单可以一起发货吗？	合并发货
我的鞋子需要和我的衣服一起发货	合并发货
我俩账号买的商品，都是你们仓库，可以一起发货吗	合并发货
地址一样两个订单可以一起发货吗	合并发货
我两件不同的商品可以一起发吗	合并发货
我的两个YEEZY订单可以一起发货吗？	合并发货
两个账户的350收件信息一样可以合并发货吗	合并发货
两个订单的商品可以一起发出的吗	合并发货
我今天分两次买了198的篮球 可以一起发货吗	合并发货
我的三件商品两个订单可以一起发货吗？	合并发货
我买了很多件衣服，不同订单需要一起合并发货	合并发货
裤子订单可以根本YEEZY订单一起发货吗？	合并发货
合并退货	合并退货
尺码问题和质量问题两件商品可以放在一个快递里面退货吗	合并退货
两个订单的退货可以用一个快递寄回吗	合并退货
一件质量问题一件尺码问题可以一起到付寄回吗	合并退货
我的两个订单能装在一起吗退到仓库吗？	合并退货
您好，我订单买了四个帽子俩不合适可以一起退回吧	合并退货
退货跟换货可以同一个包裹寄回吗？	合并退货
我问一下 我可以两个订单一个包裹退吗	合并退货
我两件衣服都要退货，能装在一起退给仓库吗	合并退货
我前天买的鞋子和昨天买的衣服不想要了，能一起退吗	合并退货
我的三件商品都是尺码不合适我要退，可以一起退吗	合并退货
我现在需要退货，五件衣服一块寄可以吗	合并退货
我不满意裤子和篮球，需要退货，两个可以一起寄吗	合并退货
我退货通过了都，我现在要放一起寄回行不	合并退货
我的羽绒服质量问题，鞋子我不喜欢要一起退给你们，可以不	合并退货
昨天到货和今天到货的商品都不喜欢可以一起寄回吗	合并退货
椰子鞋子和配件可以一起合并退货不，我都不喜欢	合并退货
我2个手机号买的商品可以一起退回吗？	合并退货
我爸买的衣服不合适要退回，我的鞋子我也是不满意，两个可以一起退货寄回给你们吗	合并退货
如果我商品我都不满意可以一起寄回退货吗？	合并退货
我朋友买的商品退货申请已经通过，我的退货也通过了，可以我们一起退给寄回给你们吗	合并退货
不包裹发来的东西 可以一起退货吗 	合并退货
我两个订单，一个想退货，一个想换货，发一个快递行吗	合并退货
退货和换货可以放在一起退给你吗 	合并退货
不同包裹发来的东西 可以一起退货吗	合并退货
退换货条件	退换货条件
我刚刚出差回来还可以退货吗	退换货条件
到时候不合适可以退么	退换货条件
商品超七天了还可以退货吗不喜欢	退换货条件
我的商品都在家里一直没穿过可以退换货吗超七天了	退换货条件
没有赠品了不可以退货可以换货吗？	退换货条件
超过14天了我没有穿还可以退吗	退换货条件
如果鞋子到我这边超过7天还能退还吗	退换货条件
鞋子超七天了我刚刚从学校回来没穿过，还可以退换货吗	退换货条件
裤子超过时效了可以换货	退换货条件
我刚刚出差回来不再时效内还在可以退货吗	退换货条件
我弟给我买的这个衣服我不打喜欢可以退换货吗	退换货条件
收到的这个鞋子颜色超级难看退货可以吧	退换货条件
我买的这双鞋子和我想象的不一样支持退换货吗	退换货条件
我收到货不满意，可以退换吗	退换货条件
我鞋子不满意，怎么退换	退换货条件
我一个换货， 换了不满意可以退吧	退换货条件
袜子不喜欢可以退吗	退换货条件
我收到的商品超级肥不喜欢可以退换货是吧	退换货条件
你们发货的商品我一点都不喜欢可以退？	退换货条件
官方商城买的东西如何退换货	退换货条件
刚才到的货不喜欢，可以退吧	退换货条件
退货地址	退货地址
退鞋子是寄到哪里	退货地址
退货地址是什么呀	退货地址
你们的退换货地址是哪里 退货仓库地址	退货地址
退货地址发我一下	退货地址
我需要退货地址给我一下，我马上寄快递	退货地址
我的裤子要退回，哪里是退回地址请给我下	退货地址
手机上的退货地址和箱子里单子上的不一样，写哪个	退货地址
请问退货地址我该填什么	退货地址
你好我有一单衣服因为尺码不合想退，我应该邮到什么地址呢	退货地址
退货是原路寄回吗	退货地址
退的话应该快递到哪个地址	退货地址
我的鞋子我申请了质量问题，我现在需要退货地址，在哪里？	退货地址
给我一下退货地址啊	退货地址
你们的退货地址是不是变更了	退货地址
退货地址我没太明白是寄到吴江吗？	退货地址
退货是寄回到哪里	退货地址
纸质发票还是电子发票	纸质发票还是电子发票
你们家的发票是电子版的还是纸质的？	纸质发票还是电子发票
我买的那个鞋子发票是电子还是纸质的	纸质发票还是电子发票
发票开具是纸质发票还是电子发票	纸质发票还是电子发票
个人的发票是电子的还纸质的	纸质发票还是电子发票
订单开具的是纸质发票还是电子发票啊	纸质发票还是电子发票
我下单预留信息的发票是开电子的还是开纸质的？	纸质发票还是电子发票
发票你们开具的是电子版的还是纸张的	纸质发票还是电子发票
我填写的发票信息你们是纸质邮给我，还是发电子票给我	纸质发票还是电子发票
我提供的发票信息是以电子的形式还是纸质的形式给我	纸质发票还是电子发票
我刚刚下单的订单预留信息是开具纸质发票还是电子发票	纸质发票还是电子发票
去年的订单是开纸质发票还是电子发票	纸质发票还是电子发票
我给朋友开发票你们开具的是纸质版本还是电子版本	纸质发票还是电子发票
我两笔都需要开发票，你们开纸质的还是电子的	纸质发票还是电子发票
发票你们平常都是开具纸质发票还是电子发票	纸质发票还是电子发票
我今天下单的商品是开具纸质发票还是电子发票	纸质发票还是电子发票
你们开发票通常都是开纸质发票还是电子发票	纸质发票还是电子发票
你们开的发票都是纸质的吗还是电子的？	纸质发票还是电子发票
我需要开具发票，你们是开具纸质的还是电子呢	纸质发票还是电子发票
电子发票还纸质发票吗	纸质发票还是电子发票
你们开的纸质发票不	纸质发票还是电子发票
发票查询下载	发票查询下载
我收到发票短信了怎么下载开具	发票查询下载
怎么把电子发票下载下来	发票查询下载
你们这个电子发票可以下载吗	发票查询下载
你们发给我发票我怎么查询下载到手上呢	发票查询下载
我怎么下载你们给我发的发票	发票查询下载
发票在哪里下载	发票查询下载
发票怎么查看	发票查询下载
查询在哪里看发票	发票查询下载
我的发票网上链接我打不开	发票查询下载
你好这个电子发票怎么下载	发票查询下载
我的发票网上无法下载	发票查询下载
发票的链接怎么下载不了呢	发票查询下载
我下载发票打不开	发票查询下载
我发票到哪里查询你们开具的啊	发票查询下载
发票能下载吗	发票查询下载
在哪里下载发票	发票查询下载
有下载发票链接吗	发票查询下载
发票信息填写错误	发票信息填写错误
抬头填写错了怎么办	发票信息填写错误
专用发票信息贴错了	发票信息填写错误
我的发票信息税号少填了	发票信息填写错误
我的发票抬头填错了，姓名打错了。	发票信息填写错误
发票收件地址错了 	发票信息填写错误
我的专用发票收件人的电话填写错误	发票信息填写错误
我的普通发票手机号填写错了	发票信息填写错误
发票信息填错了	发票信息填写错误
专用发票的公司信息错了	发票信息填写错误
发票的信息上的公司电话错误了	发票信息填写错误
发票的公司的电话是错的，	发票信息填写错误
我把专用发票的信息填错了，电话打错了	发票信息填写错误
购买的订单我预留的发票信息填写错了	发票信息填写错误
我的发票信息上的手机号让我填错了一位	发票信息填写错误
我有选择发票 但是发票抬头错了	发票信息填写错误
发票上购买方信息税号填错了	发票信息填写错误
我有选择发票抬头错了	发票信息填写错误
发票开错了	发票开错了
您好，你们给我开出的发票抬头是错的	发票开错了
你好，发票收到了，但是不是这笔订单的	发票开错了
我给你们反馈开具多笔发票，是需要两种抬头的，你们怎么开错了	发票开错了
发票抬头错了你，开成我之前订单的了	发票开错了
发票信息开错了，你们把手机号给我打错了	发票开错了
我的发票你们给我开错了，姓名错了	发票开错了
东西收到，发票抬头开错了	发票开错了
你们给我的发票金额怎么不对	发票开错了
你们开发票都不走心吗？名字都不看吗，姓名错了	发票开错了
我之前提供的信息你们开了没有信息错了	发票开错了
你们给我开具的发票抬头是空白的啊	发票开错了
开具的订单金额发票上错误	发票开错了
我订单里要发票但税号少一位，你们也给开错了	发票开错了
发票的信息抬头的姓氏错了	发票开错了
普通发票的发票信息你们给我开错了	发票开错了
消费者表示不需要发票了	消费者表示不需要发票了
订单上发票不需要了，不要寄给我了 	消费者表示不需要发票了
我刚买的订单别给我开票哈 我不要	消费者表示不需要发票了
我不需要发票别给我开具	消费者表示不需要发票了
我用不上发票别给我发过来 	消费者表示不需要发票了
我不需要你们的发票	消费者表示不需要发票了
订单不用开具发票，我用不着别开具哈	消费者表示不需要发票了
没发货的那个订单我不需要发票	消费者表示不需要发票了
我十分钟前买的那个订单不需要发票，不用开具哈	消费者表示不需要发票了
我不需要你们的发票你们不用开	消费者表示不需要发票了
我的发票不用你们开，我不需要	消费者表示不需要发票了
订单不用给我开发票不需要	消费者表示不需要发票了
我的订单不需要发票，你们不用寄给我	消费者表示不需要发票了
我没发货的那个订单要送朋友发票不需要哈	消费者表示不需要发票了
女朋友给我买的商品，发票我也用不到，别发过来了	消费者表示不需要发票了
我的那个订单后续可能要退货的，发票就不用了	消费者表示不需要发票了
发票开具时间	发票开具时间
你好，我刚刚下午申请了个订单的开票，但到现在什么回复都没有呀	发票开具时间
一般发票几天会开出	发票开具时间
我订单的发票是啥时候开具	发票开具时间
什么时间开具，我好做好报销的安排	发票开具时间
请问一下，我的发票要多久可以寄过来	发票开具时间
我的发票开出来没有	发票开具时间
什么时候开具，我七天后要用	发票开具时间
你们家的发票都是什么时间开具	发票开具时间
请问一下我的电子发票什么时候可以短信发给我	发票开具时间
您好，我在网上商城买了足球鞋，但是没有收到电子发票，请问什么时间开具	发票开具时间
我的发票什么多久可以开好	发票开具时间
您好，请问发票在什么时间内开出来	发票开具时间
发票何时可以发送给我	发票开具时间
请问发票什么时候开？	发票开具时间
请问一下我的电子发票什么时候可以短信发给我？	发票开具时间
我这边就是下了一个单，发票多久开具给我	发票开具时间
电子发票是什么时候开具	发票开具时间
发票是否与货物一起寄出	发票是否与货物一起寄出
发票是和订单的商品一起寄过来的吗	发票是否与货物一起寄出
商品和发票是一起发货吗	发票是否与货物一起寄出
发货的时候发票也是一起和订单一起寄过来的吗	发票是否与货物一起寄出
发票是和我的鞋一起寄到我收货地吗	发票是否与货物一起寄出
发票是放在商品盒子里一起寄吗	发票是否与货物一起寄出
你们财务开了发票会放在商品里边寄过来不	发票是否与货物一起寄出
你们公司开了发票后怎么给我，会和商品一起寄吗	发票是否与货物一起寄出
你们开了发票后会和商品一起寄吗	发票是否与货物一起寄出
发票和商品都是一起顺丰给我吗	发票是否与货物一起寄出
商品发票都是一样在发货的时候给我邮寄吗	发票是否与货物一起寄出
你们的发票可以和订单的商品邮寄吗	发票是否与货物一起寄出
我的专用发票是和你们发货的商品一起寄过来吗	发票是否与货物一起寄出
发票怎么没和商品一起寄来	发票是否与货物一起寄出
我下单的商品发票怎么没在里面	发票是否与货物一起寄出
发票不是和商品一起发的吗	发票是否与货物一起寄出
电子发票是否可作为报销凭证	电子发票是否可作为报销凭证
电子发票是报销吗	电子发票是否可作为报销凭证
你们短信发送给我的发票是可以报销的吗	电子发票是否可作为报销凭证
电子发票是否支持报销呢	电子发票是否可作为报销凭证
你们给我发送的电子发票可以作为凭证吗	电子发票是否可作为报销凭证
电子发票可以作为凭证吗	电子发票是否可作为报销凭证
电子发票可以报销吗电子发票可以作为入账凭证吗	电子发票是否可作为报销凭证
你们可以开具电子发票作为凭证吗 	电子发票是否可作为报销凭证
电子发票作为凭证有效吗	电子发票是否可作为报销凭证
普通电子发票可以作为凭证吗	电子发票是否可作为报销凭证
我同事来开具你们电子发票可以作为凭证吗	电子发票是否可作为报销凭证
我要做报销用的，你们电子发票可以作为凭证吗	电子发票是否可作为报销凭证
电子发票公司记账用的可以作为凭证吗	电子发票是否可作为报销凭证
电子发票可以报销吗	电子发票是否可作为报销凭证
电子发票可以作为入账凭证吗	电子发票是否可作为报销凭证
报销用你们电子发票可以的吧	电子发票是否可作为报销凭证
电子发票怎么报销	电子发票是否可作为报销凭证
是否提供小票或者收据	是否提供小票或者收据
下单的商品有小票或者收据单吗	是否提供小票或者收据
我在你们店铺下单的商品有小票吗	是否提供小票或者收据
在你们家购买的产品有小票吗	是否提供小票或者收据
请问一下你们有没有发票或者收据的	是否提供小票或者收据
昨天下单购买的商品能开小票吗	是否提供小票或者收据
我之前买的订单能给我一下收据吗	是否提供小票或者收据
能提供小票不	是否提供小票或者收据
有小票吗	是否提供小票或者收据
可以开小票的吧	是否提供小票或者收据
你们有收据的吧	是否提供小票或者收据
你们可以开收据的吗	是否提供小票或者收据
订单有小票吗	是否提供小票或者收据
订单有收据吗 	是否提供小票或者收据
你好怎么没有收据的	是否提供小票或者收据
麻烦记得帮我开收据	是否提供小票或者收据
记得帮我们开收据哦	是否提供小票或者收据
我买的东西，帮我提供收据	是否提供小票或者收据
发票明细	发票明细
发票信息里包含我买的产品名称吗	发票明细
发票有每件商品明细吗	发票明细
发票明细里有我需要的商品名字吧 	发票明细
发票信息里有我购买的产品数量吗	发票明细
发票上的名称是我买的鞋子的名称吗	发票明细
发票上的信息可以开体育用品吗	发票明细
我买的衣服的标题就是发票名称是吧	发票明细
裤子可以统一按照运动用品开具吗	发票明细
发票明细都有啥	发票明细
发票可以开固定的服饰吗	发票明细
发票明细都分别是啥	发票明细
服饰的名称可以开在发票上吗	发票明细
发票上包含我购买的商品名称或者尺码吗	发票明细
我买的包你们明细为啥是配件	发票明细
配件的明细都是啥 袜子是吗	发票明细
发票名称明细都分别是什么袜子衣服吗？	发票明细
你们发票上会标记衣服鞋子什么的吗	发票明细
我买了鞋子和衣服，都可以开服饰吗	发票明细
发票没收到	发票没收到
我有填写发票信息，已经到了开具时间但是没有收到发票啊	发票没收到
我发票填写了，满足你们的开具时间了，没有收到发票啊	发票没收到
我的发票信息填写了，没有收到发票啊	发票没收到
发票信息给你们，没收到发票短信	发票没收到
我已经把抬头和税号给你们了，没有收到发票信息	发票没收到
专票邮寄没收到	发票没收到
普票二维码扫过了，没收到短信	发票没收到
找你们反馈了我发票信息，没收到发票短信	发票没收到
我的发票没有收到啊，但是信息早给过你们	发票没收到
发票呢快给我发啊我还没有收到啊	发票没收到
怎么还没收到发票啊	发票没收到
你们发票还没给我呢	发票没收到
发票怎么没收到	发票没收到
发票没有给我，你快看看怎么回事	发票没收到
怎么没有收到发票	发票没收到
发票发票我的发票呢怎么不给我啊邮寄的发票呢？	发票没收到
开增值税发票	开增值税发票
你们支持开增值税发票吗	开增值税发票
我想开增值税发票可以开具吗	开增值税发票
支持开具多个订单的增值税发票吗，	开增值税发票
增值税发票需要开具需要提供什么	开增值税发票
学校的抬头可以开具增值税发票吗	开增值税发票
支持开增值税发票吧 	开增值税发票
你们可以开增值税发票不？	开增值税发票
增值税发票开具是可以的吧 	开增值税发票
你们家店铺是可以开增值税发票的吧	开增值税发票
我需要开增值税发票	开增值税发票
我想开一下发票，增值税发票，抵税用的	开增值税发票
我想开增值税的发票如何开具	开增值税发票
开增值税发票是你们是否支持开具	开增值税发票
国家单位的抬头可以开具增值税发票吗	开增值税发票
我想开增值税的发票，你们能帮我开吗	开增值税发票
我有四个订单需要开具发票可以开具增值税发票吗	开增值税发票
开具增值税发票是支持的对吧	开增值税发票
你看是可以开增值税发票的吧	开增值税发票
能否补开发票	能否补开发票
18年订单可以补开发票	能否补开发票
发票是不是都支持补开啊，去年的订单可以补开吗	能否补开发票
我之前买的那个订单忘记开票了现在需要重新开具	能否补开发票
补开发票是可以的吗，	能否补开发票
我买的多件商品其中有一件商品退货了，发票没有开，可以补开吗	能否补开发票
去年的订单忘记开发票了，需要开发票	能否补开发票
去年购买的YEEZY订单，没有开发票，现在还能补开吗	能否补开发票
我之前的订单没有开具发票，现在能补开吗	能否补开发票
我的发票忘记了，能补开发票吗	能否补开发票
我之前订单没开，发票能补开吗	能否补开发票
可以补发票吗	能否补开发票
已购买的，当时没有申请开票，现在可以申请补开吗？	能否补开发票
想问没有退掉的商品可以补开票吗	能否补开发票
我之前的订单现在可以申请补开开个发票吗	能否补开发票
我下单忘记了开发票现在可以申请补开发票吗	能否补开发票
我忘记开发票了可以补开吗	能否补开发票
之前在你们店铺下单的商品还可以补开吗 	能否补开发票
我之前的订单还能不能给我开发票呀	能否补开发票
我之前的订单没有开发票，现在补开发票还可以吗需要提供什么？	能否补开发票
发票是否能补开呢，之前一直没有开具	能否补开发票
实体店	实体店
昨天在商场买的鞋子坏了	实体店
上海有你们实体店吗，在哪里查询	实体店
实体店有什么样的价格	实体店
这个不是在淘宝买的，是在实体店买的	实体店
您好 我想问一下 我线下中签购买的yeezy ，我认为有出厂瑕疵 你们是没办法进行退换吗	实体店
我新买的鞋子，在实体店买的，刚刷一次就掉色，皮革面就坏掉了	实体店
实体店的服务时间	实体店
门店买的这里可以换吗？ 	实体店
实体店有是临沂地区的吗	实体店
我们想问下你们线下那个跑步活动怎么参加	实体店
在实体店能使用积分吗	实体店
哪些门店接受预定？	实体店
实体店的抢鞋子，有具体时间吗	实体店
350椰子在北京有卖吗	实体店
之前在实体店买的，穿了没几天就坏了	实体店
在门店也能获得积分吗	实体店
实体店的折扣券怎么用	实体店
索要商品尺码表或尺码图	索要商品尺码表或尺码图
你给我发一下这一款商品的尺码表	索要商品尺码表或尺码图
尺码表发我一下，贝壳头的	索要商品尺码表或尺码图
你给我发一下这个裤子的尺码对照表	索要商品尺码表或尺码图
来，把你家的尺码表给我发一份，ub19的	索要商品尺码表或尺码图
能给我提供一下我刚刚看见的那个商品尺码图吗	索要商品尺码表或尺码图
麻烦你们给我提供下CP9366的这个尺码表	索要商品尺码表或尺码图
给我一下明天发售的YEEZY尺码图片	索要商品尺码表或尺码图
给我提供一下这个双肩包的尺码表	索要商品尺码表或尺码图
袜子的尺码表有没有给我发一下	索要商品尺码表或尺码图
给我提供一下我小朋友的鞋子尺码表	索要商品尺码表或尺码图
给我一下你们最近上新的这个三叶草的尺码表	索要商品尺码表或尺码图
这一款尺码表有没有	索要商品尺码表或尺码图
运动胸衣的尺码表给我一下我自己查看下	索要商品尺码表或尺码图
给我一下你们的运动内衣和袜子的尺码图	索要商品尺码表或尺码图
我需要你们提供下FR的尺码数据图	索要商品尺码表或尺码图
给我一下鞋子的尺码图，我对照下	索要商品尺码表或尺码图
账号修改_注销	账号修改_注销
我想注销账户	账号修改_注销
阿迪的账号可以这么注销	账号修改_注销
可以修改账号吗	账号修改_注销
我可以注销账户吗	账号修改_注销
我可以将原手机号换个号码吗	账号修改_注销
怎么去修改账号啊	账号修改_注销
注销账户是可以的吧	账号修改_注销
你们是可以帮我注销账户的吧	账号修改_注销
可以解绑绑定的手机号吗	账号修改_注销
我想修改一下账户绑定的手机号	账号修改_注销
我需要修改会员账号信息	账号修改_注销
绑定的手机号能修改吗	账号修改_注销
我的阿迪账号想换个绑定手机	账号修改_注销
实体店的会员我可以修改手机号吗	账号修改_注销
我现在改号码，刚才有一个客服说是要注销后再重新绑定	账号修改_注销
如何修改账户手机号	账号修改_注销
手机号码失效了如何换	账号修改_注销
怎么修改会员账号啊	账号修改_注销
积分未到账（下单积分，退货积分）	积分未到账（下单积分，退货积分）
退货的积分没有退回吗	积分未到账（下单积分，退货积分）
退货的话赠送的积分会返还吗	积分未到账（下单积分，退货积分）
活动赠送的积分退货还会退回来吗	积分未到账（下单积分，退货积分）
都3天了，退的积分怎么还没有收到	积分未到账（下单积分，退货积分）
退货了只退500积分吗	积分未到账（下单积分，退货积分）
我办理退货后，积分为什么没返回来	积分未到账（下单积分，退货积分）
退货后积分没退给我	积分未到账（下单积分，退货积分）
那我退货了这个积分还会退回来吗	积分未到账（下单积分，退货积分）
退货积分返还吗	积分未到账（下单积分，退货积分）
为什么退货积分没有退回来	积分未到账（下单积分，退货积分）
我退款都完成了一个月为啥积分还没有退给我	积分未到账（下单积分，退货积分）
我都穿了俩星期了为啥积分还不给我	积分未到账（下单积分，退货积分）
我11月16日购买了产品 但是至今未收到积分	积分未到账（下单积分，退货积分）
我买的订单商品到积分到账了时间，为啥还没给我	积分未到账（下单积分，退货积分）
我的积分未到账快点给我看看	积分未到账（下单积分，退货积分）
为啥我21号的今天积分还么有到账	积分未到账（下单积分，退货积分）
优惠券消失	优惠券消失
优惠券怎么没有了	优惠券消失
我下单失败了，为什么优惠券没了	优惠券消失
我优惠券没了怎么弄回来	优惠券消失
我之前的优惠券莫名消失怎么办	优惠券消失
为什么我的优惠券突然不见了	优惠券消失
昨天晚上买东西优惠券没了，怎么回事	优惠券消失
刚刚买东西优惠券没了	优惠券消失
今天早上买东西优惠券没了，怎么回事	优惠券消失
我刚才买了件裤子，付款时优惠券没了，怎么回事	优惠券消失
买东西优惠券没了消失了	优惠券消失
我之前账户内有7张券现在没有了消失了	优惠券消失
我刚才买了件卫衣，付款时优惠券没了，怎么回事	优惠券消失
我的优惠券下单的时候消失了	优惠券消失
我的优惠券消失了，为什么	优惠券消失
刚才我用app下单，发现我之前的优惠券都没了，怎么回事呢	优惠券消失
我的优惠券都没了，怎么补	优惠券消失
我昨天晚上买衣服，付款时优惠券都没了，请问怎么解决	优惠券消失
优惠券兑换	优惠券兑换
积分什么时候兑换优惠券	优惠券兑换
我买的鞋子积分为什么到现在还未兑换优惠券	优惠券兑换
如何兑换成积分券的啊	优惠券兑换
积分是什么时间兑换的啊怎么兑换	优惠券兑换
积分是可以兑换的吧	优惠券兑换
1000积分不是可以有100的券吗	优惠券兑换
你好，我想问下积分怎么变成优惠券	优惠券兑换
积分怎么不会自动兑换优惠券	优惠券兑换
我的积分可以怎么用？	优惠券兑换
积分转化优惠券的条件	优惠券兑换
积分怎么兑换优惠券	优惠券兑换
积分怎么不自动转换	优惠券兑换
你好想兑一下积分	优惠券兑换
积分都是什么时间段兑换啊	优惠券兑换
积分怎么才可以转换成优惠的呢	优惠券兑换
我的积分是嘛时候兑换成券啊	优惠券兑换
积分怎么不自动转化	优惠券兑换
可以自己兑换吗	优惠券兑换
满足条件未升级	满足条件未升级
消费满金尊会员为什么没升级	满足条件未升级
我消费满足4000为什么现在铜牌会员	满足条件未升级
消费满足了但是没有升级啊	满足条件未升级
我都消费满足金樽了为啥还没升级	满足条件未升级
我的账号已经满足条件了啊 为啥还不升级	满足条件未升级
你看下我的账户我已经满足条件了 就是还没升级	满足条件未升级
金樽会员我已经满足条件了没有升级啊	满足条件未升级
满足条件怎么还没升级等级	满足条件未升级
消费8000了怎么还是铜牌会员啊	满足条件未升级
我消费满8000了怎么还没金尊	满足条件未升级
我在你家消费满足8000为啥还没有升级呢	满足条件未升级
你看我都消费一万了 怎么还是没有升级黄金会员呢	满足条件未升级
我都满足你们的金樽会员条件了 为啥还是银座	满足条件未升级
为什么我积分都2000多了 还没有升级呀	满足条件未升级
你看我消费也够了你们的升级条件怎么还是没有升级呢	满足条件未升级
会员等级条件	会员等级条件
如果升级到金尊会员需要消费多少钱	会员等级条件
我消费了四千多还差多少升级成金尊啊	会员等级条件
铜牌会员升级需要多少钱	会员等级条件
银座会员升级的条件是什么	会员等级条件
我如何才可以升级成金尊会员呢	会员等级条件
升级会员一般的条件是什么	会员等级条件
铜牌到银座需要消费满多少呀	会员等级条件
你们的会员等级条件是消费多少钱	会员等级条件
我需要消费多少钱才可以升级成银座	会员等级条件
什么时候可以消费到金尊。	会员等级条件
我消费到金尊需要满足什么条件呢	会员等级条件
会员升级条件需要满足什么	会员等级条件
会员需要满足什么条件才可以升级金尊	会员等级条件
我现在买了七双800多的鞋子 请问什么时候升级金尊	会员等级条件
我的订单还差多少升级金尊啊	会员等级条件
帮我看看我还差多少升级金尊可以吗	会员等级条件
你看我还差多少钱升级会员等级	会员等级条件
会员等级消费满多少才升级	会员等级条件
活动时间_活动专区	活动时间_活动专区
我想知道这次活动到现在什么时候结束？	活动时间_活动专区
这次发售yeezy的结束时间是什么时候？	活动时间_活动专区
请问如何参与此次活动？活动专区在哪？什么时间开始	活动时间_活动专区
请问这次活动的活动专区在哪里呢？	活动时间_活动专区
在哪看活动时间？	活动时间_活动专区
活动时间可以查看到吗？	活动时间_活动专区
官网有上心活动时间是什么时候	活动时间_活动专区
有显示活动时间吗？	活动时间_活动专区
部分商品五折起什么时候结束啊？	活动时间_活动专区
活动是什么时候开始	活动时间_活动专区
微信小程序的活动专区在哪里呢？	活动时间_活动专区
我找不到活动专区，在哪里？	活动时间_活动专区
你们马上是不是有一个抢购活动？	活动时间_活动专区
我想知道你们的活动开始时间	活动时间_活动专区
打折活动什么时候结束？	活动时间_活动专区
这次5倍积分活动什么时候结束？	活动时间_活动专区
可是发售活动没有在官网显示？	活动时间_活动专区
抽签活动时间什么时候开始啊？	活动时间_活动专区
支付方式	支付方式
支持花呗支付吗?	支付方式
可以用银联付款吗？	支付方式
可以用支付宝付款吗？	支付方式
我想知道在app上购买商品都支持哪些方式付款?	支付方式
请问支持微信付款吗？	支付方式
微信小程序支持支付宝付款吗？	支付方式
adidas都支持哪些支付方式付款？	支付方式
不支持信用卡付款吗？	支付方式
椰子鞋能支付宝支付么？	支付方式
可以用微信付钱吗？	支付方式
椰子鞋可以用qq钱包付款吗？	支付方式
我问一下， 电脑抢鞋子的话 ，支付怎么支付？	支付方式
椰子鞋支持微信零钱包付款吗？	支付方式
你们付款都是怎么付？	支付方式
椰子鞋怎么付钱？	支付方式
商品银行卡能付款么？	支付方式
能分期购买鞋吗？	支付方式
赠品	赠品
我买了这件衣服有没有什么礼品赠送啊？	赠品
微信小程序上买的yeezy有赠品送吗？	赠品
你们官网有赠品吗？	赠品
请问你们有小礼品送吗？	赠品
足球有球袋赠品吗？	赠品
用员工卡买没有赠品吗？	赠品
有贺卡赠品吗？	赠品
里面可以有赠品吗？	赠品
这件衣服已经有了，但是我想要那个徽章赠品。	赠品
这次活动是不是赠送海报？	赠品
怎么样才能拿公仔赠品？	赠品
我买了好几件衣服会送什么赠品吗？	赠品
我想知道买EG4958会有专属鞋垫赠送吗？	赠品
买高尔夫手套送高尔夫球做赠品吗？	赠品
买鞋子送不送袜子呀？	赠品
我要是买了有什么赠品吗？	赠品
有礼品盒吗？	赠品
活动通知	活动通知
你们活动什么时候开始，有活动通知吗?	活动通知
预约通知在哪里看？	活动通知
椰子发售有通知吗？	活动通知
我想知道五倍积分会有活动短信通知吗？	活动通知
怎么设置活动通知呢？	活动通知
Yeezy活动通知提醒在哪里设置？	活动通知
我已经注册了会员，有抢购活动就会提前自动通知我？	活动通知
发售活动什么时候开始，会有提前活动通知吗?	活动通知
五倍积分活动微信小程序有活动通知设置吗？	活动通知
请问你们有活动通知吗？关于yeezy700的。	活动通知
官网平台购买的商品都没有活动通知吗？很突然。	活动通知
关于此次五倍积分的活动通知我想知道下。	活动通知
有活动通知吗？	活动通知
380发售有通知吗？	活动通知
抢购时间是几点?那活动开始之后可以提前通知我吗	活动通知
我是金尊会员活动会事先通知吗？	活动通知
活动价格	活动价格
我买的是活动价格吗	活动价格
这款商品的活动价是多少	活动价格
这款活动价格是什么	活动价格
活动都是一样的价格	活动价格
这款活动折扣是多少	活动价格
这款活动价多少	活动价格
活动价格最低多少钱？	活动价格
活动价格是多少钱	活动价格
这件商品可以享受活动价吗	活动价格
现在就是活动价格吗？	活动价格
目前活动价格是*99吗	活动价格
这个价格就是活动价吗？	活动价格
这款商品活动价多少？	活动价格
打折后的这件衣服活动价格多少？	活动价格
这款yeezy活动价格是多少	活动价格
是否包邮	是否包邮
商品包邮吗	是否包邮
多少钱包邮	是否包邮
什么地区包邮	是否包邮
咱们商城包邮吗	是否包邮
购买商品满多少包邮	是否包邮
我想买一条裤子，请问包邮吗？	是否包邮
我在这里买商品包邮吗？	是否包邮
购买多少包邮，	是否包邮
下单购买商品包邮吗	是否包邮
你们店铺包邮是支持的吧	是否包邮
你们发送是支持包邮的吗？	是否包邮
都是包邮的吧都支持是吧	是否包邮
你们包不包邮	是否包邮
你们家是多少钱包邮	是否包邮
咱们店铺购买商品包邮的吗	是否包邮
商品保养方式	商品保养方式
商品怎么保养啊？	商品保养方式
鞋子怎么保养啊？	商品保养方式
这双鞋子放在阳光下晒可以吗	商品保养方式
这件衣服如何保养？	商品保养方式
我平时运动多，如何保养这双鞋子呢？	商品保养方式
衣服如何保养呢？	商品保养方式
裤子的保养方式有哪些？	商品保养方式
怎么防止小白鞋氧化	商品保养方式
我买了双鞋子我想知道平时应该如何去保护他呢？	商品保养方式
平时保养鞋子需要注意哪些事项？	商品保养方式
衣服的保养方式有哪些？	商品保养方式
鞋子怎么保养，有什么注意的吗	商品保养方式
白衣服洗完怎么保养，不容易氧化吧 	商品保养方式
新衣服现在不穿吗，怎么保养	商品保养方式
一共穿了1周左右，我怎么保养？	商品保养方式
鉴别真伪（其他渠道_鉴别渠道）	鉴别真伪（其他渠道_鉴别渠道）
我在实体店购买了双鞋子，怎么辨别真伪？	鉴别真伪（其他渠道_鉴别渠道）
我在京东官方旗舰店购买的鞋子是真的吗？	鉴别真伪（其他渠道_鉴别渠道）
我买了一个椰子，你们能帮我鉴定一下嘛？	鉴别真伪（其他渠道_鉴别渠道）
我在线下买的那个yeezy才1700，是正品吗？	鉴别真伪（其他渠道_鉴别渠道）
我买了双裤子不知道真假，怎么辨别真伪？	鉴别真伪（其他渠道_鉴别渠道）
我在得物上面买的鞋子请问是真的吗？	鉴别真伪（其他渠道_鉴别渠道）
如何鉴定阿迪是否真假呢？	鉴别真伪（其他渠道_鉴别渠道）
唯品会自营是正品渠道吗？	鉴别真伪（其他渠道_鉴别渠道）
真假怎么区分？	鉴别真伪（其他渠道_鉴别渠道）
怎样辨别商品的真假？	鉴别真伪（其他渠道_鉴别渠道）
能鉴定假冒伪劣产品吗	鉴别真伪（其他渠道_鉴别渠道）
你们adidas的商品上有没有防伪标？	鉴别真伪（其他渠道_鉴别渠道）
我在淘宝买了一双鞋是正品吗？	鉴别真伪（其他渠道_鉴别渠道）
我之前在淘宝买了一双贝壳头想麻烦你们给我鉴定一下	鉴别真伪（其他渠道_鉴别渠道）
能查销售授权书吗？怎么鉴别真伪	鉴别真伪（其他渠道_鉴别渠道）
我买了双adidas的鞋子怎么辨别真伪？	鉴别真伪（其他渠道_鉴别渠道）
我在京东买了一套短裤和体桖套装怎么能查出来是不是真品？	鉴别真伪（其他渠道_鉴别渠道）
拼多多购买的adidas商品是真的吗	鉴别真伪（其他渠道_鉴别渠道）
商品所属尺码表	商品所属尺码表
这个鞋子的尺码表是中国码吗？	商品所属尺码表
衣服尺码是什么尺码表？国际码？	商品所属尺码表
你们家出售的衣服都是什么国际码的尺码表吗？	商品所属尺码表
三叶草的尺码表都是国际码的是吗	商品所属尺码表
NEO的尺码表都是欧洲码吗？	商品所属尺码表
NEO的尺码表都是欧洲码？还是部分是？	商品所属尺码表
你们家的衣服的尺码表是欧洲码吗？	商品所属尺码表
你们家的这个尺码表是日本码吗？看不懂	商品所属尺码表
我看不懂这个商品的尺码表啊，什么尺码表？日本码？	商品所属尺码表
这是什么尺码表是什么意思？欧洲码？	商品所属尺码表
你帮我看看这个女款的裤子的尺码表是美码的吗？	商品所属尺码表
这个鞋子是亚洲码的尺码表对吧	商品所属尺码表
这个裤子是美码的尺码表吗？	商品所属尺码表
这个外套我看是黑人代言的，尺码表是国际码吗？	商品所属尺码表
这个衣服是尺吗我看不懂，是亚洲码吗？	商品所属尺码表
帮我看下这个是什么尺码表，亚洲码吗？	商品所属尺码表
商品尺寸	商品尺寸
手套尺寸多大	商品尺寸
我要买一件卫衣，衣长是多少寸	商品尺寸
41码的鞋子是多少尺寸的	商品尺寸
这件运动内衣xl的尺寸是多大	商品尺寸
手套的尺寸怎么看	商品尺寸
我脚长235尺寸是38的吗	商品尺寸
43码是多大的尺寸	商品尺寸
你们的这个尺码啊我是真的看不懂，XL的尺寸是多少	商品尺寸
我平时穿37码这款我穿会不会很大？尺寸是多大的？	商品尺寸
这件商品180_112是多大的尺寸？	商品尺寸
王嘉尔穿的XL的衣服衣长多少？	商品尺寸
三叶草的这款XL是多大的尺寸的	商品尺寸
这个包包是多大尺寸的	商品尺寸
帮我看下一下杨幂的代言的单肩包是多大尺寸的	商品尺寸
尺寸是多大的这个卫衣 XL的袖长多少？	商品尺寸
商品产地	商品产地
阿迪有国产吗？	商品产地
这个是哪生产的？	商品产地
我买的鞋子为什么产地是越南啊？	商品产地
鞋子是哪制作的？	商品产地
有没有柬埔寨制造的裤子？	商品产地
鞋子是那个厂产地？	商品产地
这个产地是在国内吗？	商品产地
衣服产地是哪里？	商品产地
一个是中国制造，一个是印度尼西亚制造怎么回事？	商品产地
你们有几个产地？	商品产地
制造商在哪？	商品产地
你们所有的鞋子都是印尼产的？	商品产地
商品哪里生产的？	商品产地
为什么衣服上面的产地是台湾的?	商品产地
为什么我的裤子是台湾产的？	商品产地
商品吊牌	商品吊牌
你好，请问商品销售有吊牌吗？	商品吊牌
我在问一下，官网发货鞋上面连个吊牌都没么？	商品吊牌
衣服上面有吊牌吗？	商品吊牌
我想问下你们的商品上为什么没有吊牌？	商品吊牌
你好，我从官方买的yeezy，为什么没有吊牌？	商品吊牌
我的鞋子为什么没有吊牌？	商品吊牌
我在官网购买的夹克为什么连个吊牌都没有？	商品吊牌
你们的裤子都是有吊牌吗？	商品吊牌
为什么我买的衣服没有吊牌？	商品吊牌
还有就是鞋的标牌都没有。	商品吊牌
请问我的裤子为什么没有吊牌	商品吊牌
我想知道鞋子上会有吊牌吗？	商品吊牌
鞋子是带吊牌的吧	商品吊牌
收到货了，怎么鞋子上没有吊牌啊？	商品吊牌
我买的这个鞋子怎么没有吊牌呢？	商品吊牌
推荐具体尺码商品	推荐具体尺码商品
给我找一下XL的裤子	推荐具体尺码商品
3XL的衣服你们家有没有	推荐具体尺码商品
我要3XL的褐色的卫衣	推荐具体尺码商品
我需要48.5的尺码的篮球鞋	推荐具体尺码商品
再给我找一下我刚刚买的那个裤子的XL码的	推荐具体尺码商品
你把那个红色外套36码的链接给我	推荐具体尺码商品
25的婴童鞋怎么找	推荐具体尺码商品
47码的小白鞋都是怎么找	推荐具体尺码商品
给我把44码的白鞋系列发过来	推荐具体尺码商品
小白鞋44码链接发给我	推荐具体尺码商品
你们店铺的3XL的外套卫衣发我一下	推荐具体尺码商品
4XL的衣服是有的对吧	推荐具体尺码商品
我需要一款和贝壳头颜色差不多的35码的	推荐具体尺码商品
给我一下XL的衣服	推荐具体尺码商品
给我找一下你们家4xl的衣服	推荐具体尺码商品
推荐具体功能商品	推荐具体功能商品
你们家有防风外套吗	推荐具体功能商品
给我推荐一下你们家的夜跑鞋子荧光的那种	推荐具体功能商品
防雨的外套有没有	推荐具体功能商品
有袖口防风口的卫衣吗	推荐具体功能商品
给我推荐一下防风的那种卫衣	推荐具体功能商品
防风的羽绒服给我推荐一下	推荐具体功能商品
我需要一款防小雨的卫衣，我后面好户外运动	推荐具体功能商品
哪款防风保暖一点？	推荐具体功能商品
有厚一点的吗？或者保暖卫衣？有没有	推荐具体功能商品
给我推荐一下保暖性比较好的外套	推荐具体功能商品
给我推荐一下防风的外套	推荐具体功能商品
有没有夜跑的发光鞋子	推荐具体功能商品
给我推荐一款户外防水的鞋子	推荐具体功能商品
有没有抗菌除臭鞋垫的鞋子	推荐具体功能商品
给我找一下保暖的鞋子	推荐具体功能商品
我最近要出去旅游，给我介绍一下抓地力强的鞋子	推荐具体功能商品
有防滑的鞋子吗	推荐具体功能商品
适用性别_年龄商品	适用性别_年龄商品
有适合妈妈穿的外套吗	适用性别_年龄商品
给我推荐一下三岁的小男孩童装裤子	适用性别_年龄商品
给我找一下奶奶穿的棉服	适用性别_年龄商品
推荐一下中学生女孩穿的短袖	适用性别_年龄商品
有中年男士穿着的短信吗	适用性别_年龄商品
我想给我奶奶买一个羽绒服帮我推荐一下	适用性别_年龄商品
我给我女朋友送一双鞋子，有没有青年款情侣款的	适用性别_年龄商品
有适合中学生穿着的女装裤子吗	适用性别_年龄商品
工装裤女孩子年轻人穿着的有吗	适用性别_年龄商品
50岁的男性穿着什么，可以推荐一下吗	适用性别_年龄商品
我要送18岁小姑娘的衣服有没有时尚一点的	适用性别_年龄商品
送给爸爸妈妈的衣服推荐一下	适用性别_年龄商品
老年人的鞋子有吗我想给爷爷买一双	适用性别_年龄商品
小学生女孩穿的外套有没有	适用性别_年龄商品
有没有适合小男孩穿着的外套	适用性别_年龄商品
有适合中年妇女穿的户外服装吗	适用性别_年龄商品
我想给我女儿买一双适合上学穿的鞋子，有什么可以推荐吗，	适用性别_年龄商品
有适合妈妈穿着的外套吗 	适用性别_年龄商品
适用季节商品	适用季节商品
有适合夏季穿着的衣服吗	适用季节商品
给我推荐一下适合春秋款的鞋子	适用季节商品
给我找一下冬天穿的高帮鞋子	适用季节商品
夏天穿这款商品合适吗	适用季节商品
有适合夏天穿的鞋子推荐一下吗	适用季节商品
春天暖季穿着的衣服有吗，适合春天穿的推荐一下	适用季节商品
有没有适合秋天穿的衣服推荐一下	适用季节商品
适合冬天厚一点的衣服有没有	适用季节商品
有没有适合夏天穿着的透气的鞋子	适用季节商品
给我推荐一下适合春天穿着的鞋子吧	适用季节商品
有没有适合春季穿着的外套	适用季节商品
天气马上降温了给我推荐下适合冬季穿着的衣服吧	适用季节商品
有没有适合冬天穿的衣服啊	适用季节商品
有没有适合春秋款穿的鞋子	适用季节商品
有夏季穿着的衣服吗	适用季节商品
有出售的适合春夏穿着的衣服吗	适用季节商品
麻烦给我介绍一下适合冬天跑步的鞋子	适用季节商品
有没有适合夏天穿的短袖穿上清爽	适用季节商品
套装	套装
给我推荐一下套装	套装
你们有儿童套装吗	套装
有套装专区吗	套装
有蓝色一身的套装吗？	套装
你们有套装卖吗 	套装
夏天套装有没有？	套装
给我推荐下套装，我要买一套	套装
有没有这款搭配的一套的呢	套装
我想要儿童款的套装	套装
有没有时尚一点的套装	套装
有套装吗，男款的我看看	套装
给我推荐一下孕妇的套装	套装
我不想另外找，找一套卖的给我	套装
有没有登山穿的套装？	套装
运动套装有吗	套装
户外套装是有的吧	套装
热销款_爆款	热销款_爆款
最近有卖的好的衣服可以推荐一下吗	热销款_爆款
你们有什么爆款商品吗	热销款_爆款
现在卖的最火的是哪一款？	热销款_爆款
卖的最火的夏T是哪个？	热销款_爆款
你们店现在最火的产品是哪个	热销款_爆款
我想要你们店铺最火的哪款商品吗	热销款_爆款
现在首页上的哪件商品是你们最热门的吗	热销款_爆款
哪个鞋子卖的最好	热销款_爆款
一些热销的爆款商品在哪看	热销款_爆款
我要一些爆款的商品推荐一下	热销款_爆款
给推荐一下你们卖的最好的	热销款_爆款
我要买一下你们最近爆款商品	热销款_爆款
给我推荐一下你们家的热销款鞋子	热销款_爆款
你们的热销款衣服都在那	热销款_爆款
这个季度卖的最好的产品是哪个	热销款_爆款
有没有热销款的商品啊	热销款_爆款
适用人群	适用人群
这个外套一岁的小孩可以穿吗	适用人群
这个鞋子我可以给我三岁的侄子穿吗 	适用人群
我这个鞋子侄女是可以穿的吧	适用人群
黑色卫裤我小弟弟可以穿吗	适用人群
我打乒乓球可以穿你们家这个短袖吗	适用人群
这个中性衣服老年人也是可以穿的是吧	适用人群
这个鞋子3小孩可以穿上吗？	适用人群
这个18岁的就可以穿吗	适用人群
儿童可以用吗	适用人群
18岁可以用吗	适用人群
这款有年龄限制吗	适用人群
这个孕妇可以穿吗 	适用人群
这个衣服男性可以穿吗	适用人群
这款健身的人可以穿吗	适用人群
这个鞋子小孩子可以穿吧没有什么要求吧	适用人群
适合爷爷奶奶穿吗？	适用人群
黑人适合穿这款吗	适用人群
皮肤偏黑偏黄的可以穿这款吧	适用人群
适用年龄	适用年龄
这款是适合30年龄段可以穿着的吗	适用年龄
这款多大年龄就可以穿着了	适用年龄
我25岁穿这款会不会显老	适用年龄
我45岁穿着这款会不会显嫩	适用年龄
这款商品高中生穿适合吗	适用年龄
这款商品三岁小女孩穿适合吗	适用年龄
这款商品老年人穿合适吗	适用年龄
这个中性的女生可以穿着吗	适用年龄
30的男性可以穿着这款吗	适用年龄
我爷爷可以穿吧这个鞋子	适用年龄
我想把这款买个我的小外甥三岁左右可以穿嘛	适用年龄
我想问这个外套小学生可以穿吧 	适用年龄
你们首页那个棉服我奶奶可以穿吗 	适用年龄
这个内衣中学生可以穿着吗？	适用年龄
你们这个运动内衣中年女性可以适合穿嘛	适用年龄
我昨天买的那个衣服我奶奶可以穿吗，我想给他也买一件	适用年龄
这个婴童装三岁的小孩可以穿吗	适用年龄
这个鞋子三岁半的小孩可以穿嘛	适用年龄
适用季节	适用季节
这款商品适合什么季节穿呢	适用季节
这个鞋子适合夏季穿着吗	适用季节
这个商品夏天穿是可以的吧	适用季节
这款商品夏天穿会热吗	适用季节
clima 布料适合什么季节穿	适用季节
EG4958这款贝壳头冬天穿会冷吗	适用季节
我这个外套有点薄秋天可以穿吧 	适用季节
这个料子冬天可以穿着吗	适用季节
这个料子夏天穿着会不会太热	适用季节
首页那个绿色鞋子可以在冬天穿吗 	适用季节
这个外套春天还可以穿吗	适用季节
这个长袖入冬还可以穿吗	适用季节
我今天买的订单中的商品春天还是可以穿吗？	适用季节
这个外套春天适合穿吗？	适用季节
你们家的鞋子四季都是可以穿？	适用季节
这个鞋春天可以穿？	适用季节
适用性别	适用性别
这款商品是男款还是女款	适用性别
这款商品是男女都可以穿的吗	适用性别
这款商品女生可以穿吗	适用性别
这款商品男生可以穿吗	适用性别
这个男模穿的女孩子可以穿吗	适用性别
这个鞋男款女款？适合男的吗	适用性别
这个短袖女孩可以穿吗	适用性别
这个中性的服装可以给我妹妹穿吧	适用性别
这款yeezy女生可以穿吗 我看像男款	适用性别
这个中性的外套我妹妹适合穿吗？	适用性别
这个中性的衣服，女生穿合适吗	适用性别
这个卫衣女性的适合男孩子穿吗 ？	适用性别
男生穿的短袖我女生穿着可以吗	适用性别
这个超短裤我弟弟可以穿吗？	适用性别
这个外套适合女孩穿吗我看是中性的	适用性别
好评返现	好评返现
好评会有什么奖励吗?	好评返现
给你们评价是不是有优惠券	好评返现
我评价了你们给我现金奖励吗？	好评返现
给好评会有现金吗？	好评返现
给好评有什么福利吗？	好评返现
评价有什么奖励吗？	好评返现
我给好评会送什么优惠码吗？	好评返现
我想知道adidas的好评规则	好评返现
评价了有代金券给吗？	好评返现
我已经评价了积分可以多给我点吗？	好评返现
衣服好评，已好评，会送积分吗？	好评返现
请问写的好评不小心弄成匿名的了，会有返现奖励吗？	好评返现
我五星好评会有返优惠券吗?	好评返现
adidas有好评返现吗？	好评返现
在你们家买了东西有返现吗？	好评返现
活动差价	活动差价
现在买到活动退差价吗	活动差价
我现在买如果后期有活动能不差价吗	活动差价
现在买后期活动退出价吗	活动差价
现在买活动开始后可以给我退差价吗	活动差价
我现在原价买你们打折的时候可以退差价吗	活动差价
我现在买后面你们给我推荐差价行吗	活动差价
我们这边马上停运了，我现在买，你们后面给我补差价OK吗？	活动差价
可以现在买吗，后面退差价	活动差价
过两天我就收不到了，现在买，后面退差价行吗	活动差价
活动前购买商品后面补差价行吗	活动差价
现在购买的话后面有差价可以补吗	活动差价
现在买价格有差异后面可以 补吗	活动差价
我现在买后面可以给我补差价吗	活动差价
活动前购买后面还能补差价吗	活动差价
如果我买了之后有差价了可以补是吗？	活动差价
补差价是可以的吧，我还没买	活动差价
如果我买之前的价格和买之后产生了价格可以退差吗	活动差价
是否可以定制商品	是否可以定制商品
可以定制商品吗？	是否可以定制商品
可以DIY定制鞋子吗？	是否可以定制商品
我想在你们家定制一款衣服，可以定制吗？	是否可以定制商品
商品支持定制吗？	是否可以定制商品
这个篮球鞋可以定制吗？	是否可以定制商品
你们家可以定制商品吗？	是否可以定制商品
商品可以定制吗？	是否可以定制商品
可不可以定制商品啊	是否可以定制商品
定制商品是支持的吗？	是否可以定制商品
我想给儿子定做个鞋子可以定制吗？	是否可以定制商品
之前你们可以定制商品，现在还可以定制吗？	是否可以定制商品
我去年在你们定制了一双跑步鞋，现在还可以定制吗？	是否可以定制商品
定制跑鞋还支持吗？	是否可以定制商品
你们还是可以定制商品的对吧 	是否可以定制商品
有定制商品吗？	是否可以定制商品
这个商品是否支持定制呢？	是否可以定制商品
医护认证	医护认证
医护账号怎么认证？	医护认证
医护账号还可以认证吗？	医护认证
医护怎么认证？	医护认证
医护还可以认证吗？	医护认证
怎么申请医护人员账号	医护认证
医护人员福利怎么弄啊	医护认证
医护人员折扣活动怎么认证	医护认证
医护人员那种怎么注册购买	医护认证
医护审核怎么认证啊	医护认证
现在是否能凭医护资格证购买享受6折优惠	医护认证
怎么认证医护账号	医护认证
我也是医护人员怎么申请医护账号	医护认证
医护折扣账号怎么申请	医护认证
医护账号怎么申请啊	医护认证
我需要认证你们的医护账号怎么认证	医护认证
优惠券无法使用	优惠券无法使用
优惠券为什么不让我使用啊？	优惠券无法使用
积分券无法用 点不动	优惠券无法使用
我下单到时候为啥券不让用？	优惠券无法使用
券无法使用啊	优惠券无法使用
下单的时候券点不动的啊	优惠券无法使用
我的升级券下单怎么用不了？	优惠券无法使用
下单优惠券无法使用怎么办？	优惠券无法使用
券怎么下单用不了啊。	优惠券无法使用
优惠券为什么下单点不了 	优惠券无法使用
下单时候优惠券灰色的用不了	优惠券无法使用
优惠券怎么无法使用啊 点不了	优惠券无法使用
券怎么使用不了呢	优惠券无法使用
券是不支持使用吗 点不了	优惠券无法使用
我的券无法使用啊啊	优惠券无法使用
优惠券无法使用怎么办	优惠券无法使用
优惠券未使用	优惠券未使用
我买完订单了发现券还没有用怎么办？	优惠券未使用
订单下完了券忘记用了	优惠券未使用
我商品收到了发现券忘记用了	优惠券未使用
订单买完了券没有用怎么办	优惠券未使用
订单购买完成没有用	优惠券未使用
我下完单了忘记有券了	优惠券未使用
我优惠券忘记使用了	优惠券未使用
我买的裤子忘记用券了	优惠券未使用
折上折的优惠券我忘记用了	优惠券未使用
优惠券忘记用了咋办呢	优惠券未使用
买完东西发现券忘记使用了 	优惠券未使用
我的优惠券未使用咋办	优惠券未使用
买完优惠券忘记用还可以再用吗	优惠券未使用
优惠券忘记使用的怎么办	优惠券未使用
活动商品下单完优惠码忘记用了	优惠券未使用
优惠券没有用还也可以用吗	优惠券未使用
我刚刚买完商品没使用券还可以使用吗？	优惠券未使用
下单后券没有用的还可以用吗	优惠券未使用
下单忘记使用的优惠券还可以再用吗	优惠券未使用
优惠券使用规则（和使用方法合并）	优惠券使用规则（和使用方法合并）
积分券满足什么条件可以用	优惠券使用规则（和使用方法合并）
升级券使用条件有门槛吗	优惠券使用规则（和使用方法合并）
生日券可以和积分券一起使用吗？	优惠券使用规则（和使用方法合并）
升级券满足什么可以用	优惠券使用规则（和使用方法合并）
积分券可以和生日一起使用吗？	优惠券使用规则（和使用方法合并）
生日券无门槛的吗	优惠券使用规则（和使用方法合并）
生日券可以和升级券一起使用吗？	优惠券使用规则（和使用方法合并）
优惠券的使用规则怎么看？	优惠券使用规则（和使用方法合并）
积分券可以购买这个袜子吗	优惠券使用规则（和使用方法合并）
袜子支持使用优惠券吗？	优惠券使用规则（和使用方法合并）
折扣商品可以使用积分券吗？	优惠券使用规则（和使用方法合并）
优惠码可以购买折扣商品吗？	优惠券使用规则（和使用方法合并）
礼品卡可以和积分券一起使用吗？	优惠券使用规则（和使用方法合并）
礼品卡可以买袜子吗？	优惠券使用规则（和使用方法合并）
礼品卡的使用手册有没有	优惠券使用规则（和使用方法合并）
礼品卡的使用规则是什么？	优惠券使用规则（和使用方法合并）
积分优惠券可以核实升级券一起使用吗	优惠券使用规则（和使用方法合并）
积分优惠券可以和生日券一起用吗？	优惠券使用规则（和使用方法合并）
优惠券退回	优惠券退回
退货升级券退回吗	优惠券退回
我退货的话积分券退回吗	优惠券退回
订单取消了券还退吗	优惠券退回
我订单取消的话券还退回来吗	优惠券退回
我买的订单退货的话 券还退吗	优惠券退回
订单退货的话券还给我吗	优惠券退回
退货优惠券还退回去吗	优惠券退回
取消订单积分券还退回吗	优惠券退回
订单取消的话升级券还退回吗	优惠券退回
取消优惠券怎么退回？	优惠券退回
退货优惠券怎么退？	优惠券退回
部分取消优惠券退 吗？	优惠券退回
部分退货生日券退回吗？	优惠券退回
优惠券退货的话是可以退的是吗	优惠券退回
优惠券怎么退回？	优惠券退回
我订单部分退货的话可以取消吗?	优惠券退回
订单退货升级券还退回吗	优惠券退回
优惠券查询方式	优惠券查询方式
怎么查看我有多少优惠券	优惠券查询方式
咋看我的优惠券	优惠券查询方式
优惠券在哪里查看	优惠券查询方式
怎么看使用了多少张优惠券	优惠券查询方式
优惠券的查询方式怎么看	优惠券查询方式
我怎么看我又多少张券	优惠券查询方式
优惠券明细怎么查看啊	优惠券查询方式
怎么看券有几张	优惠券查询方式
优惠券类型在哪里看	优惠券查询方式
我的积分券有几张啊在哪看	优惠券查询方式
我的卡包在哪里找啊我要查询下优惠券	优惠券查询方式
升级券在哪里查看	优惠券查询方式
生日券和积分券各有几张在哪里看	优惠券查询方式
怎么查看我的积分券有多少张	优惠券查询方式
如何看我的升级券是多少面额的	优惠券查询方式
我的生日券是铜牌还是银座的	优惠券查询方式
我有多少张积分券怎么看	优惠券查询方式
质量问题	质量问题
我买的商品收到开线了	质量问题
我买的篮球漏气啊	质量问题
收到的鞋子开线啊	质量问题
鞋子开胶了巨大	质量问题
鞋子瑕疵啊一只溢胶严重	质量问题
衣服都烂了，开线	质量问题
买的T恤收到有一个大洞	质量问题
没穿几天鞋子断底了	质量问题
我买的鞋子收的有个洞啊	质量问题
衣服收到破损怎么办	质量问题
商品收到的脱线是质量问题吗？	质量问题
收到的商品开胶怎么办	质量问题
收到的商品有质量问题	质量问题
换货收到还是开胶	质量问题
我给我弟买的鞋子溢胶严重怎么办	质量问题
短袖没穿几天破洞了 	质量问题
鞋子收的鞋带断裂	质量问题
今天到货的鞋子鞋盒是破损的	质量问题
拒绝退货	拒绝退货
我申请退货拒绝一下	拒绝退货
我退货申请错了拒绝一下	拒绝退货
我尺码不合适退货拒绝一下重新申请	拒绝退货
质量问题没有上传图片需要拒绝一下	拒绝退货
我退货申请错了需要拒绝一下	拒绝退货
帮我拒绝一下退货申请错了	拒绝退货
退货审核需要拒绝一下，我申请错了	拒绝退货
退货申请了拒绝一下我重新申请	拒绝退货
帮我拒绝一下退货，我不退了	拒绝退货
我点错了我不需要退货拒绝一下	拒绝退货
我需要换货的申请错了，拒绝一下退货	拒绝退货
退货拒绝一下我不退了	拒绝退货
我不退款了拒绝一下吧 	拒绝退货
我的退货你帮我拒绝一下吧	拒绝退货
退货审核需要你拒绝一下	拒绝退货
我的退货申请你给我拒绝一下 	拒绝退货
退货快递	退货快递
退货中通可以吗？	退货快递
中通可以退货吗？	退货快递
退换货快递有什么要求吗？	退货快递
退货可以选择顺丰吗？	退货快递
退货可以寄顺丰吗？	退货快递
寄顺丰寄到你们仓库你们签收吗	退货快递
退货寄顺丰快递可以吗	退货快递
我商品换货可以用中通给你们寄回去吗	退货快递
退货可以是顺丰吗？	退货快递
我买的裤子需要退货可以用顺丰寄回去吗？	退货快递
快递有什么要求吗	退货快递
我退货快递有什么要求吗	退货快递
我退货的话寄什么快递	退货快递
我换货寄快递有什么要求吗	退货快递
退换货快递寄什么快递	退货快递
我昨天买的衣服不合适今天需要退货，退货选择什么快递？	退货快递
运费谁承担	运费谁承担
退换货运费谁承担	运费谁承担
退货运费怎么算？	运费谁承担
换货运费谁承担	运费谁承担
我退货的商品物流运费谁承担	运费谁承担
尺码不合适的运费谁承担啊	运费谁承担
我今天退货的运费谁承担啊	运费谁承担
退货运费谁承担	运费谁承担
现在退货的话 运费是你们承担吗	运费谁承担
收到货发现一个大一个小退货运费你们承担吗	运费谁承担
收到货不喜欢运费谁承担	运费谁承担
开线退货运费是你们承担吗 	运费谁承担
质量问题退货运费是付款	运费谁承担
质量问题运费是谁承担	运费谁承担
我收到鞋子是破的运费谁承担	运费谁承担
商品瑕疵运费是你们承担吗	运费谁承担
物流到达时间	物流到达时间
我今天买物流什么时间到我这里	物流到达时间
物流什么时间到达	物流到达时间
快递什么时间到达我这里	物流到达时间
我尽头买这个裤子，物流什么时间到	物流到达时间
物流到达时间是多少	物流到达时间
物流什么时间到	物流到达时间
快递什么时间到这里	物流到达时间
今天发货明天能到吗？	物流到达时间
物流大约什么时间可以到	物流到达时间
快递大概几天到达	物流到达时间
物流什么时间到苏州	物流到达时间
我在苏州什么时间到达	物流到达时间
物流什么时间到，有大概的时间吗	物流到达时间
江浙沪地区物流什么时间送达	物流到达时间
物流送达时间是多少	物流到达时间
我在上海，今天买，物流能到吗？	物流到达时间
如果今天发货的话 物流什么时间到达	物流到达时间
物流什么时间到达这里	物流到达时间
物流到达时间是什么时候	物流到达时间
退货注意事项	退货注意事项
退货需要注意什么	退货注意事项
我退货有什么要注意的吗	退货注意事项
退货有什么特别注意的么	退货注意事项
我退回去有什么要注意吗	退货注意事项
退货要注意什么	退货注意事项
退货的话有什么要注意的吗？	退货注意事项
又要注意的吗退货	退货注意事项
退货有什么要我注意的吗	退货注意事项
我申请的退货要寄回去有什么要注意的吗	退货注意事项
退仓有什么注意的吗	退货注意事项
退货的注意事项有哪些	退货注意事项
给我发一下退货的注意事项啊	退货注意事项
退货注意哪些	退货注意事项
退货需要注销哪些，有注意的事项吗	退货注意事项
退货的话有什么特别要注意的事项吗？	退货注意事项
退货有什么特别要注意的吗	退货注意事项
退货注意的事项有没有	退货注意事项
更改换货地址	更改换货地址
我换的地址错了需要改一下	更改换货地址
换货收货地址错了需要更改一下	更改换货地址
怎么改换货的收货地址	更改换货地址
换货地址可以改吗 	更改换货地址
我的换货地址换了怎么改	更改换货地址
我现在的地址收不到了需要更改换货地址	更改换货地址
我的地址搬家换了，需要改一下换货的地址	更改换货地址
搬家换货地址变了，怎么改	更改换货地址
换货的收件地址变了，怎么去更改换货地址	更改换货地址
地址可以改一下吗，换货地址收不到了	更改换货地址
现在的地址无法正常收，怎么改换货地址	更改换货地址
换货的收货地址怎么修改	更改换货地址
我可以改一下换货的收货地址吗？	更改换货地址
换货的地址是给你们帮我改吗？	更改换货地址
我现在去学校了能把换货地址改成学校的地址吗	更改换货地址
我地址变更了可以帮我改一下换货地址吗	更改换货地址
换货无入口	换货无入口
换货没有入口啊	换货无入口
我的换货申请不了，没有入口	换货无入口
换货没有入口呀	换货无入口
换货的入口在哪 无法申请	换货无入口
无法申请换货啊，没有申请入库	换货无入口
怎么不能申请换货呢 入口没看见	换货无入口
换货通道在哪，没有看见换货通道	换货无入口
换货通道是关闭了吗无入口	换货无入口
换货通道给我一下	换货无入口
我的换货怎么没有入口申请啊	换货无入口
我的换货通道怎么没有看见	换货无入口
怎么没办法点击申请换货啊	换货无入口
换货通道在哪里	换货无入口
换货无通道申请	换货无入口
我没有通道可以申请换货啊	换货无入口
换货怎么没有通过申请	换货无入口
怎么没有申请的按钮	换货无入口
退货转换货	退货转换货
退货可以转换货吗？	退货转换货
我申请的退货改成换吗	退货转换货
退货可以改成换货吗	退货转换货
我退货了 我要换37码的	退货转换货
退货怎么改成换货	退货转换货
能帮我的退货取消改成换货吗	退货转换货
我想要换货不需要退货，可以将我的退货转成换货吗	退货转换货
怎么把退货转成换货	退货转换货
退货转成换货可以吗	退货转换货
退货可不可以转成换货	退货转换货
申请退货后怎么改成换货	退货转换货
退货转换货的步骤是什么	退货转换货
想取消退货改成换货	退货转换货
退货你们仓库签收了，可以改成换货吗	退货转换货
退货申请还没有上传物流单号可以帮改成换货吗	退货转换货
上传了退货物流单号还可以改成换货吗	退货转换货
退货仓库签收还没有退款，可以改成换货吗	退货转换货
退货你们还没有签收，我想改成换货	退货转换货
将我订单中的退货改成换货	退货转换货
催促审核	催促审核
我的换货跟进审核	催促审核
刚申请的退货赶紧给我审核了	催促审核
我的退货申请给我过了吧 	催促审核
我的退货审核过了吗	催促审核
我的退货申请什么时候通过？	催促审核
退货申请通过了吗？	催促审核
我的退货什么时候给我通过	催促审核
质量问题什么时候通过	催促审核
我的换货可以通过了吗	催促审核
退货通过了吗	催促审核
我下午要寄出去感觉吧退货给我通过了	催促审核
退货什么时候通过啊	催促审核
我的换货什么时候审核啊，我急这寄	催促审核
你看看我的退货申请通过了， 	催促审核
我的退货申请过了吗？	催促审核
申请页面截图	申请页面截图
退货申请的页面截图给我一下	申请页面截图
申请的页面截图你们有吗	申请页面截图
给我一下申请退货的页面截图	申请页面截图
申请换货的页面截图有吗	申请页面截图
申请页面什么样	申请页面截图
有申请页面的截图吗	申请页面截图
给我一下申请页面的截图 我去申请	申请页面截图
申请页面的截图	申请页面截图
发一下申请页面的截图吧	申请页面截图
给我发一下申请页面的截图	申请页面截图
换货怎么申请 页面截图有没有	申请页面截图
申请退货页面截图给我丢一张	申请页面截图
申请截图给我丢一张	申请页面截图
申请退货的页面截图给我一下	申请页面截图
申请截图有没有 提供下	申请页面截图
合并付款	合并付款
两个订单可以一起付款吗	合并付款
不同订单可以一起付款吗	合并付款
可以一起付款吧 	合并付款
两个订单的商品可以一起付款吗	合并付款
多笔订单可以一起扣款吗	合并付款
订单不同可以同步支付吗？	合并付款
合并付款支持吗	合并付款
衣服和鞋子两个订单可以一起结算吗	合并付款
多笔订单能一起付款吗	合并付款
两个订单可以合并付款吗	合并付款
支持多个订单一起付款的是吧	合并付款
俩订单分开买可以一起付款ma?	合并付款
我鞋子和裤子是分开买的可以一起付款吗？	合并付款
我可以和我朋友的订单一起付款吗？	合并付款
订单分开下单可以一起支付吗？	合并付款
无法提交订单	无法提交订单
订单怎么无法提交啊	无法提交订单
我的订单无法提交啊	无法提交订单
怎么下单不了呢 	无法提交订单
订单提交怎么提交不了啊	无法提交订单
下单之后再买付款不了	无法提交订单
商品选好后无法下单	无法提交订单
我商品看好了无法创建订单啊	无法提交订单
我要买这个篮球提交不了订单	无法提交订单
订单提交不了怎么办	无法提交订单
怎么订单无法提交	无法提交订单
订单怎么没有办法提交呢	无法提交订单
提交不了订单怎么下单	无法提交订单
为什么下单没有反应呢	无法提交订单
我选好商品准备付款怎么没有反应呢？	无法提交订单
订单提交怎么转圈	无法提交订单
无法提交订单，提交就开始转圈圈	无法提交订单
订单备注	订单备注
可以在订单帮我备注一下，我后天收	订单备注
你们可以订单备注吗	订单备注
我可以在订单上备注吗	订单备注
怎么备注或者留言啊？	订单备注
订单是支持备注和留言的吧	订单备注
我可以在订单上备注的吧	订单备注
订单可以备注吗？	订单备注
我订单上有备注的，你自己看下吧 	订单备注
订单上帮我备注一下，收件人XX	订单备注
订单可以帮助备注的吧	订单备注
订单可以帮备注收件人信息吗	订单备注
我的收件人错了帮我备注一下正确的	订单备注
麻烦帮我备注一下正确的手机号	订单备注
订单是可以备注的吧 	订单备注
麻烦给我订单去做个备注	订单备注
能不能代付	能不能代付
我微信没钱了可以朋友代付吗	能不能代付
我余额钱不够了可以代付吗	能不能代付
朋友可以帮我付款吗	能不能代付
可以代付的是吧 	能不能代付
代付怎么买	能不能代付
我想代付给爸爸妈妈买，支持代付吗？	能不能代付
没钱付款，可以让朋友帮我付款吗？	能不能代付
代付可以吗？	能不能代付
可以找我同学帮我付款的吧 	能不能代付
我现在没钱了同学可以帮我付款吗？	能不能代付
我自己没钱，我爸可以帮我付款吗	能不能代付
可以找朋友可以帮忙买吗？	能不能代付
我现在没有钱付款了，我可以把订单给我妈，帮忙付款吗？	能不能代付
我的订单没有办法继续付款，可以找朋友代付吗	能不能代付
可以找其他人帮我付款吗？	能不能代付
下单忘记付款怎么办	下单忘记付款怎么办
我提交订单了，没付款怎么办	下单忘记付款怎么办
下单了没有付款，还可以付款吗	下单忘记付款怎么办
我确认下单了，忘记付款了，还可以支付吗	下单忘记付款怎么办
订单创建了，没付款，现在还可以付款吗	下单忘记付款怎么办
下单没付款还可以支付吗	下单忘记付款怎么办
忘记付款了，现在还可以付款吗？	下单忘记付款怎么办
我没有支付现在还可以支付吗	下单忘记付款怎么办
刚刚创建的订单还没有付款，现在可以付款吗	下单忘记付款怎么办
下单没有支付现在可以支付吗	下单忘记付款怎么办
我提交订单了，但是忘记支付了，现在还可以付款吗？	下单忘记付款怎么办
下单没有付款，现在还可以支付吗	下单忘记付款怎么办
我创建了订单没有付款，现在还可以支付吗	下单忘记付款怎么办
订单没有付款，关闭了页面，现在还可以支付吗	下单忘记付款怎么办
订单提交了，没有支付，怎么去支付	下单忘记付款怎么办
没有支付的订单去哪里看	下单忘记付款怎么办
创建未付款的订单去哪里进行支付	下单忘记付款怎么办
未付款的订单还可以支付吗？	下单忘记付款怎么办
忘记付款，怎么看未付款订单	下单忘记付款怎么办
更换快递（含指定快递）	更换快递（含指定快递）
顺丰发货可以换成韵达吗？	更换快递（含指定快递）
你们可以发百世快递吗？其他快递没有办法送货上门	更换快递（含指定快递）
顺丰已发货，你们可以可以改成圆通快递吗？	更换快递（含指定快递）
已经发货了，还没有走件，可以改成韵达吗？	更换快递（含指定快递）
我看还没有走件信息，已发货了，可以改成顺丰吗？	更换快递（含指定快递）
我给朋友买的一个鞋子 比较着急要能发顺丰吗	更换快递（含指定快递）
可以把顺丰换成EMS吗？	更换快递（含指定快递）
EMS发货了，我无法签收，发顺丰哈	更换快递（含指定快递）
我都换货发货了可以发顺丰吗？我加钱	更换快递（含指定快递）
可以给我发顺丰的吗？我加钱也可以的	更换快递（含指定快递）
我要你们发圆通快递	更换快递（含指定快递）
我要你们发EMS快递	更换快递（含指定快递）
发货麻烦发顺丰，谢谢	更换快递（含指定快递）
发货的话，麻烦发顺丰哦	更换快递（含指定快递）
发货发圆通哈	更换快递（含指定快递）
发货快递	发货快递
发货可以发韵达吗？	发货快递
你们店铺是发圆通吗？	发货快递
你们可以用韵达快递吗	发货快递
发货是什么快递？	发货快递
发货可以是发顺丰吗？	发货快递
我刚刚下单了一个帽子能发顺丰吗 	发货快递
你们发什么快递	发货快递
你们家默认发什么快递	发货快递
你们发什么快递的啊	发货快递
快递是发什么的	发货快递
换货发货快递是什么？	发货快递
你们家默认快递是那些	发货快递
你们店铺发什么快递	发货快递
店铺发什么快递啊	发货快递
快递店铺发那个？	发货快递
如何操作拒收	如何操作拒收
 不想要了如何拒收？	如何操作拒收
我的订单不想要了，怎么拒收	如何操作拒收
怎么拒收商品	如何操作拒收
怎么拒绝订单，不需要了	如何操作拒收
怎么拒收订单啊	如何操作拒收
前几天朋友生日买的东西现在还没送到 现在生日过了 东西可以拒收吗	如何操作拒收
我这个鞋子不想要了 要怎么拒收	如何操作拒收
我如果要拒收要怎么做	如何操作拒收
我不在本地了，商品暂时不要了，麻烦拒收一下	如何操作拒收
商品不需要了，你们拒收一下吧	如何操作拒收
我不需要包裹了，你拒收一下	如何操作拒收
商品不需要了，能拒收吗	如何操作拒收
拒收一下商品，我要退货	如何操作拒收
我不需要快递了，可以拒收吗	如何操作拒收
我快递不需要了，你们拒收一下吧	如何操作拒收
快递拦截	快递拦截
我不要了，快递怎么拦截？	快递拦截
商品怎么发货了，我不要了，你们拦截处理吧	快递拦截
快递已发货了，可以拦截吗	快递拦截
快递拦截吧，我不要了，你们还发货了	快递拦截
已经发货了，我不需要了，麻烦你们拦截一下	快递拦截
我还要这个商品可以帮我拦截再送过来吗	快递拦截
我不需要商品了，可以拦截吗	快递拦截
我商品不需要了，你们拦截一下吧	快递拦截
我不在本地了，商品暂时不要了，麻烦拦截一下	快递拦截
商品不需要了，你们拦截一下吧	快递拦截
我不需要包裹了，你拦截一下	快递拦截
商品不需要了，能拦截吗	快递拦截
拦截一下商品，我要退货	快递拦截
我不需要快递了，可以拦截吗	快递拦截
我快递不需要了，你们拦截一下吧	快递拦截
快递被召回	快递被召回
包裹怎么被物流召回了？	快递被召回
商品怎么被快递召回了呀	快递被召回
快递怎么被物流召回了	快递被召回
我的订单怎么被快递召回了？	快递被召回
我的订单怎么被快递给我召回了	快递被召回
我买的东西都要送到了 怎么又退回到仓库了	快递被召回
我的快递没有拒收怎么被你们召回了	快递被召回
我的快递怎么被召回了	快递被召回
快递为啥被召回了	快递被召回
买的快递怎么被召回了	快递被召回
我的快递是你们召回了吗	快递被召回
我的商品快递被召回了？	快递被召回
我买的快递怎么被你们召回了？	快递被召回
我的包裹怎么被召回了	快递被召回
包裹为啥被召回了	快递被召回
指定时间派送	指定时间派送
可以要求16点前派送吗？	指定时间派送
可以下午再派送吗？	指定时间派送
今天中午三点前可以派送吗	指定时间派送
可以明天下午六点派送吗？	指定时间派送
可以明天上午前给我派送吧	指定时间派送
你们下午给我送过来吧	指定时间派送
可以明天下午发货吗	指定时间派送
我今天没有办法签收，麻烦明天下午派送	指定时间派送
我周六在家，麻烦周六给我派送	指定时间派送
我下午不在家，明天再给我派送吧	指定时间派送
我明天不在家，今天尽快给我派送	指定时间派送
今天可以给我派送吗，明天我就出差了	指定时间派送
麻烦今天给我派送，明天我不在家	指定时间派送
可以周六派送吗，最近在外地	指定时间派送
可以三个小时内派送吗？	指定时间派送
物流异常	物流异常
我在东北怎么物流发到云南了	物流异常
怎么在别的地区进行派送了呢	物流异常
我在南方怎么发到北方去了	物流异常
你们派送的地区根本不是我的小区	物流异常
你们现在派送了？派送的不是我的小区呀	物流异常
我看物流怎么不更新了 	物流异常
物流怎么一直没有送到啊	物流异常
我的包裹怎么发江苏去了	物流异常
我的包裹怎么签收了，我还没有收到啊	物流异常
我云南的，我的包裹你们怎么发东北区了	物流异常
我的包裹还未签收，怎么给签收了	物流异常
我的包裹是怎么回事，怎么签收了	物流异常
我的包裹还没有收到啊，怎么签了	物流异常
我的商品怎么发江苏去了	物流异常
我的商品怎么签收了，我还没有收到啊	物流异常
催促派件	催促派件
麻烦尽快给我派送。	催促派件
麻烦尽快派送这个商品	催促派件
麻烦催促快递尽快派件，谢谢	催促派件
麻烦尽快派送商品	催促派件
麻烦尽快派送我的上铺	催促派件
我昨天在你们官网买的一个东西 查看物流已经到了 怎么一直没有派件呢	催促派件
 我下午要穿 能不能上午给我送过来	催促派件
能快点给我派件吗	催促派件
你们能快点给我派件吗	催促派件
尽快派送谢谢	催促派件
麻烦尽快派送哦 	催促派件
马上派送谢谢	催促派件
我要出差，麻烦尽快派送	催促派件
麻烦快递尽快送	催促派件
尽快送货哈	催促派件
物流信息查询	物流信息查询
怎么查看快递走件信息？	物流信息查询
物流到哪里了呀？	物流信息查询
怎么查询物流信息啊	物流信息查询
怎么查看最新的物流信息	物流信息查询
怎么查看物流信息啊	物流信息查询
能帮我看一下我的商品送到哪里了吗	物流信息查询
我怎么查我的鞋子送到哪里了	物流信息查询
我这个鞋子到哪里了	物流信息查询
我买的包裹到哪里了	物流信息查询
我的包裹到哪里了	物流信息查询
我怎么看我的包裹物流信息	物流信息查询
我怎么看我的包裹到哪里了	物流信息查询
我的包裹现在到哪里了	物流信息查询
我的包裹现在在哪？	物流信息查询
我买的快递到哪里了	物流信息查询
错发_漏发	错发_漏发
我买的袜子，怎么给我发个裤子？	错发_漏发
我买的红色的怎么给我发个蓝色的	错发_漏发
买的黑色的怎么发了一个鞋子	错发_漏发
商品错发了， 我买的是鞋子，你们发裤子?	错发_漏发
你们发错了	错发_漏发
我上次买的一个鞋子 我下单42码 收到的是41码的 	错发_漏发
我上次买的一件衣服 我买的xl码 收到的是l码的 	错发_漏发
我上次给家里小孩买了一个商品 看你们页面说是套装 怎么只收到了裤子	错发_漏发
我上次申请换货了三件衣服 我要换xl的 你们有两件寄回的还是l码的	错发_漏发
我上次买的一个印制的鞋子 你们印制错误了 我需要换货 要怎么申请	错发_漏发
我买两双鞋子 怎么就收到一双	错发_漏发
错发了呀	错发_漏发
少发了一个帽子	错发_漏发
少发了一个裤子	错发_漏发
帽子错了，发错了	错发_漏发
取消订单的方式	取消订单的方式
怎么取消订单呀	取消订单的方式
怎么取消订单啊	取消订单的方式
取消订单怎么取消	取消订单的方式
怎么 取消订单？	取消订单的方式
如何取消订单啊？	取消订单的方式
我刚刚下单了一个商品 拍错了 怎么取消订单	取消订单的方式
我前几天买的一个鞋子尺码拍错了 我看东西还没送到  可以取消订单吗	取消订单的方式
我的商品没有发货 不想要了 可以取消吗	取消订单的方式
订单怎么取消？	取消订单的方式
我怎么取消订单啊	取消订单的方式
 怎么取消不了	取消订单的方式
取消订单的流程有吗	取消订单的方式
我不要了，怎么取消订单	取消订单的方式
取消订单怎么取消，	取消订单的方式
取消订单怎么取消，我不要了	取消订单的方式
不方便退货	不方便退货
我现在在外地，不方便退货	不方便退货
我现在不在家，不方便现在退货可以晚几天吗	不方便退货
我现在不方便退，可以晚几天退货吗	不方便退货
我现在不方便退货，晚几天可以退是吧	不方便退货
不方便退货，请问可以晚几天退吗	不方便退货
我不在家 暂时不能寄快递	不方便退货
我在出差不方便退货	不方便退货
我在外面不方便退货	不方便退货
我在出差，不方便退货，可以晚点吗？	不方便退货
不在家，可以晚点退货吗？	不方便退货
我出差还没有回来，可以明天退货吗？	不方便退货
我现在没在家，不方便退货	不方便退货
我现在不方便退货，怎么办	不方便退货
我退货可能晚点，现在不方便，没事吧 	不方便退货
退货晚点可以的吧，不方便退	不方便退货
我在外面还没有回家，得后面推，不方便退	不方便退货
退换货商品异常	退换货商品异常
吊牌没了还可以换货吗？	退换货商品异常
鞋盒没有了还可以退货吗？	退换货商品异常
商品外包装没了还可以退货吗	退换货商品异常
发货清单没有了，还可以退货吗？	退换货商品异常
鞋盒破了还可以退货吗	退换货商品异常
我昨天买了一件短袖 今天收到穿了一下 感觉太大了 但是我把吊牌拆了 可以退货吗 	退换货商品异常
我上个月在你们官网买了一件外套 就穿了几次就起球开线了 我要退货 我吊牌什么的全丢了 不影响退货吧	退换货商品异常
退货商品吊牌没了怎么办	退换货商品异常
吊牌不在还可以退货吗	退换货商品异常
吊牌被我扔了还可以退吗	退换货商品异常
我的裤子被我搞破了，还可以退吗？	退换货商品异常
鞋盒没了还可以退吗	退换货商品异常
鞋盒破损了还可以退货吗？	退换货商品异常
换货商品吊牌没了怎么办	退换货商品异常
吊牌不在还可以换货吗	退换货商品异常
吊牌被我扔了还可以换吗	退换货商品异常
换货转退货	换货转退货
不想换了可以退货吗	换货转退货
换货不要了麻烦改成退货	换货转退货
换货可以转成退货吗	换货转退货
换货不想要了，可以退货吗？	换货转退货
换货不想要了可以退货吗	换货转退货
我上次买的一个鞋子申请了换货 现在不太想要了可以退货吗	换货转退货
我上次买的一个鞋子申请了换货 还没寄回去 可以再申请退货吗	换货转退货
我上次买的一个鞋子 想要换货 申请成退货了 能帮我改成换货吗	换货转退货
我刚刚那个商品本来想换的 想想还是退了吧	换货转退货
我申请的换货帮我退了吧	换货转退货
换货的还是帮我退了吧	换货转退货
换货可以转退货吗？	换货转退货
可以换转退吧	换货转退货
换货不要了，退	换货转退货
我要退货，不换了	换货转退货
怎么换转退，不要了	换货转退货
退款成功客户未收到	退款成功客户未收到
页面显示退款成功了，我怎么还有没有收到退款？	退款成功客户未收到
我看系统显示退款成功了，怎么现在没有收到退款呢	退款成功客户未收到
页面我查看退款已成功，怎么还没有收到退款呢	退款成功客户未收到
我的退款没有收到，怎么显示退款成功了呢	退款成功客户未收到
退款显示成功了，可是我没有收到	退款成功客户未收到
我之前买的一个鞋子你们问我要支付宝 说给我退款了 我怎么还没有收到	退款成功客户未收到
退款没收到啊	退款成功客户未收到
我的退款怎么还没收到啊	退款成功客户未收到
我的退款没有收到	退款成功客户未收到
我退款成功了怎么还没有收到退款呢	退款成功客户未收到
怎么退单完成了，还没有收到退款呢	退款成功客户未收到
我的退款完成了，但是我么有收到退款啊	退款成功客户未收到
退款我看完成了，但是没有收到啊	退款成功客户未收到
我的退款怎么没有收到就退款完成了	退款成功客户未收到
我看订单完成了，但是退款我没有收到	退款成功客户未收到
退货为什么被仓库拒收了	退货为什么被仓库拒收了
我的退货仓库怎么给我拒收 了	退货为什么被仓库拒收了
我的退货 仓库怎么给我拒收了	退货为什么被仓库拒收了
我的退货仓库怎么不签收？	退货为什么被仓库拒收了
我的退货仓库怎么不签收啊	退货为什么被仓库拒收了
退货怎么仓库不签收啊，给我拒收是什么鬼	退货为什么被仓库拒收了
我上次退了一双鞋子  你们怎么又给我寄回来了	退货为什么被仓库拒收了
我查看物流 我退回去的鞋子怎么又退回来了	退货为什么被仓库拒收了
我退货的商品仓库怎么给我拒收了	退货为什么被仓库拒收了
我退货商品咋给我拒收了	退货为什么被仓库拒收了
我买的商品不合适退货了，怎么给我拒收了	退货为什么被仓库拒收了
为什么拒收我的退货商品	退货为什么被仓库拒收了
我的退货商品为什么被拒绝了	退货为什么被仓库拒收了
拒收我的退货商品是什么意思	退货为什么被仓库拒收了
我退货的包裹仓库怎么给我拒收了	退货为什么被仓库拒收了
我退货包裹咋给我拒收了	退货为什么被仓库拒收了
没有办法申请退款（被拒绝退货申请）	没有办法申请退款（被拒绝退货申请）
我怎么无法申请退货？	没有办法申请退款（被拒绝退货申请）
无法申请退货	没有办法申请退款（被拒绝退货申请）
退货怎么没有办法申请	没有办法申请退款（被拒绝退货申请）
退货怎么申请不了啊	没有办法申请退款（被拒绝退货申请）
我的退货怎么申请不了	没有办法申请退款（被拒绝退货申请）
我是不能退货吗 我刚刚申请的没有通过	没有办法申请退款（被拒绝退货申请）
我的退货审核被拒绝了啊	没有办法申请退款（被拒绝退货申请）
我退货怎么被拒绝了	没有办法申请退款（被拒绝退货申请）
我的退货审核怎么被拒绝了	没有办法申请退款（被拒绝退货申请）
我怎么没有申请退货的通道	没有办法申请退款（被拒绝退货申请）
我怎么没有办法申请退货呢	没有办法申请退款（被拒绝退货申请）
怎么申请退货？没有通道	没有办法申请退款（被拒绝退货申请）
退货申请不了唉，怎么办	没有办法申请退款（被拒绝退货申请）
退货被拒绝了	没有办法申请退款（被拒绝退货申请）
漏发怎么给我拒绝了呢	没有办法申请退款（被拒绝退货申请）
我退货为啥不可以申请呢	没有办法申请退款（被拒绝退货申请）
退款钱款去向	退款钱款去向
退款钱是原来返回吗？	退款钱款去向
退款是原路返回的吗	退款钱款去向
退款是原路退到我支付的地方吗	退款钱款去向
退款是退到我支付的哪里吗	退款钱款去向
退款是退到哪里？	退款钱款去向
我上次买了一双鞋子 后续退货 我的钱是退到哪里	退款钱款去向
我上次用花呗支付的一双yeezy  不喜欢就退了 我今天把花呗还了 你们到时候退款是退到哪里的	退款钱款去向
退款退到哪里	退款钱款去向
退款是退到支付宝吗	退款钱款去向
我的退款是退到支付的吧	退款钱款去向
支付宝付款的是退到支付宝吧	退款钱款去向
我用支付宝付款，退到哪里	退款钱款去向
我支付宝付款退到哪里，退货	退款钱款去向
我退款了，是退到支付宝吗	退款钱款去向
退款是退到微信吗	退款钱款去向
二次换货	二次换货
换货完成后可以再次换货吗？	二次换货
可以二次换货吗？	二次换货
收到商品还是有问题，可以再次换货吗	二次换货
收到换货了，还是不满意，可以再次换货吗？	二次换货
收到商品后还是不是太满意，还可以二次换货吗	二次换货
我之前买了一个鞋子 有点小换了一次 还是又有点大 我要再换小半码	二次换货
你们换过来的商品还是有质量问题 给我换一个好的鞋子过来	二次换货
换货完成后还是大，还可以换货吗	二次换货
换货还是不行，可以再次换货吗	二次换货
尺码不合适可以再换吗？	二次换货
换过一次货还是大，可以继续换么	二次换货
换货没有办法换了，可以二次换货吗	二次换货
换货完成可以再次换货吗？	二次换货
二次换货是可以的吧	二次换货
换货完成尺码还是不对，可以再次换？	二次换货
二次换货可以吗	二次换货
我换过了尺码不很合适，可以再次换吗？	二次换货
我换货完成了，尺码还是不合适，可以继续换吗？	二次换货
退换货备用地址	退换货备用地址
用户名无法填写，你们有备用的地址吗？	退换货备用地址
退货地址还有其他的吗，这个选择不了	退换货备用地址
退货地址有办法读取，还有其他的退货地址吗	退换货备用地址
你们退货还有其他的地址吗	退换货备用地址
退货的地址，有备用的吗？	退换货备用地址
这个退货地址不可以用，有其他的地址吗？	退换货备用地址
地址顺丰寄不了，这个退货的，你们有备用地址吗？	退换货备用地址
我的这个退货地址没办法写哎，有其他的地址吗？	退换货备用地址
你们有备用退货地址吗？	退换货备用地址
你们有备用的退货地址吗？	退换货备用地址
备用的退货地址有没有呀	退换货备用地址
退货地址不对，有其他的备用地址吗？	退换货备用地址
这个换货地址不可以用，有其他的地址吗？	退换货备用地址
地址顺丰寄不了，这个换货的，你们有备用地址吗？	退换货备用地址
我的这个换货地址没办法写哎，有其他的地址吗？	退换货备用地址
到付	到付
退货快递是发到付吗？	到付
退货快递到付寄回？	到付
退货的话，顺丰到付吗？	到付
退货快递可以到付吗？	到付
我退货运费是到付吗？	到付
我上次买的一件短袖 不太喜欢 我可以到付寄回吗	到付
我上次申请的退货 你们客服打电话给我说可以顺丰到付寄回  是真的吗	到付
我退货可以寄到付吗	到付
你们商品质量问题是到付的吧	到付
我的退货是到付的吗	到付
我退货可以到付吗	到付
我退货支持到付吗	到付
退货支持到付，退吗	到付
我的换货是到付的吗	到付
可以到付退吗	到付
三包	三包
三个月内出现质量问题怎么办？	三包
商品有质保吗？	三包
你们有三包服务吗？	三包
你们质保到什么时候	三包
你们鞋子质保到什么时候	三包
我前两个月买的一双鞋子 没穿几次鞋底就断了 你们可以三包吗	三包
你们超三包了怎么处理	三包
超过三个月有质量问题可以退吗	三包
三个月发现有质量问题可以退吗	三包
我正常穿，三个月后有问题可以退吗？	三包
我的商品穿着三个月发现有质量问题可以退吗？	三包
我的鞋子出三个月后，有质量问题，可以退？	三包
买的鞋子穿三个月后有质量问题可以退吗？	三包
超过三个月有质量问题可以换吗	三包
三个月发现有质量问题可以换吗	三包
我正常穿，三个月后有问题可以换吗？	三包
我的商品穿着三个月发现有质量问题可以换吗？	三包
YEEZY抽签活动规则	YEEZY抽签活动规则
椰子抽签怎么抽	YEEZY抽签活动规则
抽签规则是什么	YEEZY抽签活动规则
yeezy抽签是通过什么方式抽签的	YEEZY抽签活动规则
抽签活动是怎么参与	YEEZY抽签活动规则
怎么进行抽签	YEEZY抽签活动规则
YEEZY抽签	YEEZY抽签活动规则
怎么抽yeezy啊	YEEZY抽签活动规则
我要抽签，怎么抽	YEEZY抽签活动规则
刚刚登记的鞋子什么时候抽	YEEZY抽签活动规则
中签，得要多久才知道呀	YEEZY抽签活动规则
抽签什么时候给消息？	YEEZY抽签活动规则
抽签的cloud white是哪个版本的呀	YEEZY抽签活动规则
这里的抽签会和ADIDAS APP抽签重复吗	YEEZY抽签活动规则
想问一下如果抽签没有中的话会有通知嘛	YEEZY抽签活动规则
我想预定抽签椰子	YEEZY抽签活动规则
YEEZY如何购买	YEEZY如何购买
刚才收到一个短信 说我有新上的yeesy 350优先购买权，怎么买	YEEZY如何购买
YEEZY如何购买	YEEZY如何购买
YEEZY怎么买	YEEZY如何购买
怎么买yeezy啊	YEEZY如何购买
去哪里买YEEZY	YEEZY如何购买
YEEZY专区在哪里？	YEEZY如何购买
怎么没有YEEZY呢，怎么买YEEZY	YEEZY如何购买
YEEZY在哪里，怎么买	YEEZY如何购买
YEEZY-350V2怎么买	YEEZY如何购买
椰子700在哪里买呀	YEEZY如何购买
YEEZY是在Confirmed APP渠道购买吗?	YEEZY如何购买
Confirmed APP买YEEZY吗？	YEEZY如何购买
黑色三条纹的那个APP有卖的椰子吗？	YEEZY如何购买
Confirmed APP买YEEZY还是黑色APP买	YEEZY如何购买
yeezy700 冰蓝那款是在那个APP买	YEEZY如何购买
怎么买yeezy	YEEZY如何购买
查看订单信息	查看订单信息
怎么看自己买了几件？	查看订单信息
怎么查看我下单地址是那个？	查看订单信息
我地址好像错了，我怎么看我下单地址	查看订单信息
我手机号错了，怎么查看手机号？	查看订单信息
我尺码好像下单错误了，怎么看我下单尺码？	查看订单信息
怎么查看我买了什么	查看订单信息
我订单信息怎么看	查看订单信息
手机号好像错误了，怎么看我有没有下错	查看订单信息
我的手机号好像错了，怎么看？	查看订单信息
我刚刚买的什么尺码？	查看订单信息
怎么看我买了几件？	查看订单信息
我好想多买了一件，怎么看我是否多买	查看订单信息
怎么看我买了几件呢	查看订单信息
我怎么查我的订单	查看订单信息
订单购买信息怎么看	查看订单信息
如何查看我的订单	查看订单信息
会员权益	会员权益
我消费金樽有什么权益吗？	会员权益
我消费铜牌有什么权益吗？	会员权益
我消费银座有什么权益吗？	会员权益
会员权益是什么	会员权益
我金樽会员有什么权益	会员权益
金樽享受什么权益	会员权益
银座享受什么权益	会员权益
金樽可以优先中签是吗，有这个权益吗	会员权益
我现在银座升级到金樽有什么权限	会员权益
我消费成金樽了，可以获得什么权益	会员权益
我升级成银座会获得什么权益	会员权益
我金樽享受优先退款的权益？	会员权益
我有什么权益	会员权益
我现在星标有什么权益？	会员权益
我铜牌会员享受什么权益	会员权益
我可以享受什么权益呢	会员权益
积分查看	积分查看
积分怎么看	积分查看
积分查看	积分查看
积分怎么查看？	积分查看
我的积分还有多少怎么看	积分查看
我想看我有多少积分	积分查看
我积分怎么看还有多少	积分查看
积分明细怎么看	积分查看
我的积分在哪里？	积分查看
怎么找我的积分有多少	积分查看
我消费了好几笔订单，怎么看我有多少积分	积分查看
积分如何查看	积分查看
怎么去看积分有多少	积分查看
积分怎么看呀	积分查看
我还有多少积分	积分查看
积分剩余多少？	积分查看
积分获得	积分获得
买yeezy有积分吗	积分获得
买了一件外套有积分吗	积分获得
怎么获得积分	积分获得
怎么才能有积分	积分获得
我买的yeezy有积分吗？	积分获得
买鞋有积分吗	积分获得
我买了一件衣服是有积分的吧	积分获得
怎么获得积分的呢	积分获得
我买椰子有积分嘛	积分获得
在京东购买的商品有积分吗	积分获得
在天猫买的有积分吗	积分获得
实体店购买的有积分吗	积分获得
打折的有积分吧 	积分获得
我在活动专区买的商品，有积分吧 	积分获得
购买打折商品有积分吧	积分获得
我在JD买的商品有积分吗	积分获得
商品款式	商品款式
有袜套款式的鞋子吗	商品款式
有工装款式的裤子吗	商品款式
有连帽款式的衣服吗	商品款式
袜套式的鞋子有没有	商品款式
红色袜套式的鞋子鞋款有没有	商品款式
页面上那个红色款式的有吗 	商品款式
baby穿的这个款式有吗	商品款式
有宽松款的卫衣吗	商品款式
帮我找一下款式偏宽松点的呗	商品款式
修身款的裤子有吗	商品款式
工装裤有修身的款式嘛	商品款式
帮我找一下宽松的裤子	商品款式
有宽松点的外套吗	商品款式
有宽松的衣服吗	商品款式
修身宽松的裤子在哪？	商品款式
修身宽松的外套有没有	商品款式
退货步骤	退货步骤
退货怎么去申请	退货步骤
退货申请是怎么申请	退货步骤
退货路径在哪里？	退货步骤
退货怎么申请	退货步骤
我没找到申请步骤，怎么申请	退货步骤
退货步骤有没有，我不会申请	退货步骤
退货步骤有没有，我没找到入口	退货步骤
退货咋申请，俺么有找到	退货步骤
退货步骤有嘛，家里老年人不会申请	退货步骤
怎么申请退货呢，么有找到	退货步骤
退货咋申请呀	退货步骤
我想申请退货，但是我没有找到退货	退货步骤
退货怎么申请，给我发一下	退货步骤
质量问题退货怎么申请	退货步骤
尺码不合适退货的话怎么申请	退货步骤
不喜欢可以申请退货的吧，怎么申请	退货步骤
无法付款	无法付款
怎么无法付款	无法付款
无法付款	无法付款
付款转圈圈	无法付款
无法支付呀	无法付款
无法支付	无法付款
怎么不让我支付呢	无法付款
付钱怎么不让付	无法付款
怎么进不去付款界面	无法付款
怎么不让付款呢	无法付款
怎么不让进行支付呢	无法付款
无法支付是怎么回事	无法付款
付款没有入口怎么办	无法付款
怎么无法支付呀	无法付款
没有办法付款	无法付款
怎么付款	无法付款
付钱的地方没有	无法付款
没有付款通道	无法付款
付款通道没有呢	无法付款
无法进行支付	无法付款
印制专区	印制专区
怎么印制	印制专区
在哪里印制商品	印制专区
怎么定制商品，在哪	印制专区
有印制专区吗	印制专区
印制专区	印制专区
印制专区在哪里	印制专区
可以印制商品吧	印制专区
你们家可以定制吧	印制专区
怎么定制商品	印制专区
我想定制	印制专区
可以定制的吧 	印制专区
有定制商品吗	印制专区
定制的商品在哪里	印制专区
你们可以印制，在哪里找呢	印制专区
我之前闺蜜给我印制字母了，在哪里找商品	印制专区
过生日了，我想买一双鞋子，刻名字	印制专区
定制商品在哪里	印制专区
我想定制款商品，刻名字	印制专区
尺码是否标准	尺码是否标准
椰子500偏大偏小	尺码是否标准
350是不是偏小 还是偏大	尺码是否标准
YEEZY500是正码的吗，不偏小吧	尺码是否标准
椰子尺码是不是偏小	尺码是否标准
想了解一下alphaboost男款，各种尺码反馈，偏大还是偏小	尺码是否标准
您好，现在纠结尺寸问题，不知道是不是衣服会偏大一点，长一点？	尺码是否标准
贝壳头的鞋子我看评论都说偏大	尺码是否标准
350的尺码是不是偏小、	尺码是否标准
yeezy 350尺码是否有偏差呢	尺码是否标准
这个鞋子不偏大吧很多朋友都说三叶草偏大	尺码是否标准
700是正常尺码吗	尺码是否标准
350椰子是偏小吗	尺码是否标准
椰子500偏大偏小？	尺码是否标准
UltraBOOST 跑步运动鞋 是正码还是偏大	尺码是否标准
此款鞋子尺码是不是偏大一码	尺码是否标准
椰子350的款式是不是偏小	尺码是否标准
我看啊他们的评价都说偏大，我平常39这个38.5应该可以的吧	尺码是否标准
请问椰子500尺码偏小吗？	尺码是否标准
这款cf4789的鞋子偏大吗？	尺码是否标准
三叶草的衣服是不是都偏码	尺码是否标准
尺码不偏码吧	尺码是否标准
这个衣服偏码吗？	尺码是否标准
这个鞋子偏大是吧	尺码是否标准
这个衣服偏大偏小	尺码是否标准
裤子正码吗？	尺码是否标准
商品不偏码的吧	尺码是否标准
这个版型偏小吗	尺码是否标准
问一下那个椰子350尺码准吗	尺码是否标准
这款码数正码	尺码是否标准
针织的是不是偏小一点的	尺码是否标准
这种鞋码数偏大？	尺码是否标准
我看了下尺码偏大是吧	尺码是否标准
这一款也要偏大一码吗	尺码是否标准
上传物流单号	上传物流单号
怎么上传退货单号？	上传物流单号
我把商品寄回去了，怎么上传物流单号	上传物流单号
怎么上传物流单号	上传物流单号
 上传物流单号在哪	上传物流单号
怎么上传物流单号？	上传物流单号
我上次退货了三个商品 忘记有两个忘记上次物流单号了 	上传物流单号
快递发过去了，看的到吗	上传物流单号
拒收的商品要上传物流单号吗	上传物流单号
退货的快递号码要写在哪	上传物流单号
退的货寄回去了，单号写哪	上传物流单号
退货的物流号码填哪	上传物流单号
退货如何上传物流单号	上传物流单号
怎么长传我寄回的物流单号	上传物流单号
退货物流单号怎么上传的啊 	上传物流单号
怎么上传单号	上传物流单号
退货的物流是不是需要在订单里面上传一下	上传物流单号
退货的物流单号需要填写吗？	上传物流单号
退货是要填快递号吗	上传物流单号
怎么填写退货单号	上传物流单号
快递单号是在需要填在订单里对吧	上传物流单号
退货的物流单号填在哪	上传物流单号
鞋子退回去快递单号要写吗	上传物流单号
退货单号怎么添加	上传物流单号
鞋子寄回去的快递单号在哪里填	上传物流单号
我寄出去了不下单买衣服的手机不在我能直接把寄过去的物流单号发你吗？	上传物流单号
我物流单号没上传，商品寄出去了，在哪里操作？	上传物流单号
我寄快递的物流单号错误了	上传物流单号
退货的物流单号错误了，怎么修改？	上传物流单号
退款时效	退款时效
退货商品已经签收了怎么还不退款	退款时效
商品仓库已经签收了，请尽快退款	退款时效
催退款，麻烦尽快给我退款	退款时效
捉紧退款啊，尽快退款谢谢	退款时效
麻烦尽快给我退款	退款时效
我上次退货了三件衣服 已经十几天了 还没有给我退款	退款时效
什么时候退款	退款时效
退款时效多少	退款时效
退款大概什么时间	退款时效
退款时间是什么时候	退款时效
退款需要几天	退款时效
我今天申请什么时候可以退款	退款时效
我昨天就寄回了 退款什么时候退 	退款时效
我商品都已经退到你们仓库了，什么时间退款	退款时效
我退回去的货，什么时间给我退款	退款时效
退款大概什么时间啊	退款时效
退款的时效多少	退款时效
我前两天寄回去的，什么时间给我退款	退款时效
我今天寄，明天可以给我退款吗	退款时效
退款今天可以完成吗，什么时间退款	退款时效
我稍后把商品寄回去，什么时候给我退款	退款时效
退款在什么时间退啊	退款时效
我商品昨天我看仓库签收了，什么时间退款	退款时效
改订单属性	改订单属性
尺码下错了，可以改成 M码吗？	改订单属性
尺码了麻烦给我改成L码	改订单属性
我尺码下错了，麻烦改成S码	改订单属性
 尺码买错了，可以改成S码吗	改订单属性
尺码错了，麻烦你们给我改成S码	改订单属性
我爸生日我买了一个175尺码的衣服 我爸说他穿170的 你能帮我备注修改一下吗	改订单属性
地址错了，可以更改吗？	改订单属性
地址错了，麻烦给我改成这个	改订单属性
地址错了麻烦改这个地址	改订单属性
还可以改地址吗？我下单地址错了	改订单属性
已经发货了，但是这个地址我收不到了，怎么修改？	改订单属性
我收货人手机号填错了能改吗	改订单属性
我上次买了一件衣服买的xl码  能帮改成l码嘛	改订单属性
我需要更改我收货地址 在哪里改 	改订单属性
我刚刚买了一个鞋子  我不想要了 能把这个衣服给我发过来吗	改订单属性
订单能改收货地址吗	改订单属性
可以改成尺码吗？	改订单属性
可以改s的吗	改订单属性
可以改成红色的那个款式吗	改订单属性
发货时效	发货时效
你们发货的时间是多少	发货时效
你们的发货时间是24小时吗	发货时效
椰子鞋下单啥时候发货	发货时效
你们发货时间是48小时还是24小时	发货时效
发货时间是什么时候	发货时效
印制款的发货时间是多少呀	发货时效
我定制的商品发货时间是48小时吗	发货时效
我刚买了双鞋子，尽快给我发，什么时候发	发货时效
我买的衣服什么时候给我发	发货时效
我的货什么时候发货啊 刚刚下单	发货时效
你们的发货时间是什么时候，48小时？	发货时效
买了双鞋子，什么时候给我发	发货时效
买的这个棉服和印制订单一起下单发货时间是什么时候	发货时效
现在买下，今天能发货吗	发货时效
山东地区的商品是什么时候发货？	发货时效
请问你们是48小时发货的吗？	发货时效
请今天买的商品什么时间发货	发货时效
赶紧发货呀	发货时效
订单的发货时间是72小时内发货的吗？	发货时效
我今天买的鞋子和衣服什么时间段发货 	发货时效
您好，我的退货显示已经签收了，麻烦帮我尽快发货	发货时效
能不能帮我尽快发货，等着送人呢	发货时效
换货的发出来没	发货时效
今天可以发货吗_	发货时效
能不能尽快发货，我急用	发货时效
我昨天买的今天能发货吗	发货时效
换货了，东西已经发回去了，还没发给我	发货时效
这个短袖发货了没有	发货时效
我发回来换货的裤子为什么还没发回来	发货时效
 麻烦请尽快发货，明天到最好不过了。。。	发货时效
什么时间发货？	发货时效
现在买什么时候发货	发货时效
换货已经寄到仓库了什么时候发货	发货时效
换货发货是什么时候	发货时效
发货时间是多少？	发货时效
我买的那个裤子什么时候发货？	发货时效
换货到仓库了，什么时候发货？	发货时效
换货条件	换货条件
我的订单超时了还可以换货吗	换货条件
我刚刚出差回来衣服打开不合适可以换货吗	换货条件
换货需要什么条件吗？	换货条件
买了一个月了发现尺码不合适可以换货吗？	换货条件
不喜欢可以换货吗？	换货条件
尺码不合适是可以换货的吧	换货条件
可以换其他款式的吗？	换货条件
我想换同款黑色的那个短袖	换货条件
可以换高五块钱的那个红色短袖吗？	换货条件
可以换价格不一样的短袖吗	换货条件
换货通道没了，刚刚拆包可以换货吗？	换货条件
不喜欢可以申请换货吗？	换货条件
商品不喜欢可以换货吗	换货条件
我一月份买的商品现在才打开发现尺码不合适可以换货吗	换货条件
我之前买的商品现在保存完整可以换货吗？	换货条件
换货没有及时申请，现在还可以换货吗	换货条件
不合适可以申请换货吗？	换货条件
我之前给我弟买的没穿退到仓库了，现在可以申请换货吗	换货条件
错发可以换货吗	换货条件
买的商品和收到的商品不符可以换货吗	换货条件
可以退换货吗？	换货条件
可以换款式吗？	换货条件
我换货可以换蓝色的吗	换货条件
换货申请流程	换货申请流程
换货怎么申请啊	换货申请流程
换货怎么申请呢	换货申请流程
怎么申请换货的呀	换货申请流程
换货怎么申请啊，我没找到	换货申请流程
换货怎么操作？	换货申请流程
换货怎么去申请	换货申请流程
换货申请是怎么申请	换货申请流程
换货路径在哪里？	换货申请流程
换货怎么申请	换货申请流程
我没找到申请步骤，怎么申请呀	换货申请流程
换货步骤有没有，我不会申请	换货申请流程
换货步骤有没有，我没找到入口	换货申请流程
换货咋申请，俺么有找到	换货申请流程
换货步骤有嘛，家里老年人不会申请	换货申请流程
怎么申请换货呢，么有找到	换货申请流程
换货咋申请呀	换货申请流程
我想申请换货，但是我没有找到换货	换货申请流程
换货怎么申请，给我发一下	换货申请流程
质量问题换货怎么申请	换货申请流程
尺码不合适换货的话怎么申请	换货申请流程
不喜欢可以申请换货的吧，怎么申请	换货申请流程
YEEZY抢购活动规则	YEEZY抢购活动规则
YEEZY怎么抢购	YEEZY抢购活动规则
怎么抢购	YEEZY抢购活动规则
这个鞋子啥时候可以抢购	YEEZY抢购活动规则
椰子鞋都是抢购的吗	YEEZY抢购活动规则
椰子是需要排队抢购吗	YEEZY抢购活动规则
YEEZY怎么抢购的呀	YEEZY抢购活动规则
抢购活动的规则有吗 	YEEZY抢购活动规则
YEEZY是怎么进行抢购的	YEEZY抢购活动规则
如何进行抢购 YEEZY	YEEZY抢购活动规则
怎么进行抢购的	YEEZY抢购活动规则
抢购是通过什么方式	YEEZY抢购活动规则
抢购的方式是什么	YEEZY抢购活动规则
抢购的活动规则是什么	YEEZY抢购活动规则
抢购是怎么抢购的	YEEZY抢购活动规则
抢购的活动规则有吗	YEEZY抢购活动规则
抢购怎么抢购	YEEZY抢购活动规则
YEEZY专属规则	YEEZY专属规则
有专属吗	YEEZY专属规则
我是专属YEEZY会员吗 	YEEZY专属规则
怎么获得专属	YEEZY专属规则
专属是怎么获得的？	YEEZY专属规则
专属什么看	YEEZY专属规则
专属的怎么买啊	YEEZY专属规则
我怎么买专属呢	YEEZY专属规则
我怎么买YEEZY专属	YEEZY专属规则
我YEEZY专属购买有要注意的地方吗	YEEZY专属规则
专属有需要注意的地方吗	YEEZY专属规则
我的YEEZY专属购买有什么要求吗	YEEZY专属规则
需要满足什么才可以有专属？	YEEZY专属规则
YEEZY专属都可以买吧，活动规则有吗？	YEEZY专属规则
我中专属了，怎么中的专属	YEEZY专属规则
YEEZY专属规则有没有	YEEZY专属规则
专属怎么解锁	YEEZY专属规则
YEEZY专属怎么解锁	YEEZY专属规则
YEEZY未收到中签短信_中签短信延迟	YEEZY未收到中签短信_中签短信延迟
未收到短信啊	YEEZY未收到中签短信_中签短信延迟
中签短信怎么没有收到	YEEZY未收到中签短信_中签短信延迟
我没收到中签短信	YEEZY未收到中签短信_中签短信延迟
中签短信怎么没有发呢	YEEZY未收到中签短信_中签短信延迟
中签的短信怎么去发	YEEZY未收到中签短信_中签短信延迟
短信延迟了，	YEEZY未收到中签短信_中签短信延迟
中签短信延迟啊	YEEZY未收到中签短信_中签短信延迟
怎么获得中签短信	YEEZY未收到中签短信_中签短信延迟
中签短信怎么没有收到呢	YEEZY未收到中签短信_中签短信延迟
我付款完成了，才收到中签短信	YEEZY未收到中签短信_中签短信延迟
中签短信延迟啊朋友	YEEZY未收到中签短信_中签短信延迟
一直没有收到中签的短信	YEEZY未收到中签短信_中签短信延迟
我的中签短信我没有收到	YEEZY未收到中签短信_中签短信延迟
刚收到短信，但查看一下过期了？短信延迟了	YEEZY未收到中签短信_中签短信延迟
中了没有任何信息和推送	YEEZY未收到中签短信_中签短信延迟
YEEZY订单被取消	YEEZY订单被取消
YEEZY订单怎么被取消了	YEEZY订单被取消
我的订单怎么取消了。	YEEZY订单被取消
订单未支付取消了，可以恢复吗？	YEEZY订单被取消
YEEZY消订单了！	YEEZY订单被取消
我的YEEZY订单怎么被取消了	YEEZY订单被取消
YEEZY怎么被取消啦	YEEZY订单被取消
YEEZY订单为啥被取消了	YEEZY订单被取消
YEEZY订单我看有一笔取消的，可以恢复吗？	YEEZY订单被取消
我有一笔YEEZY订单被取消了	YEEZY订单被取消
我怎么有一笔被取消的订单	YEEZY订单被取消
订单怎么被取消了	YEEZY订单被取消
我的YEEZY怎么给我取消了	YEEZY订单被取消
为什么吧我的YEEZY取消了	YEEZY订单被取消
你们付款时间短，就取消我的YEEZY吗？	YEEZY订单被取消
为啥给我超时取消掉YEEZY	YEEZY订单被取消
YEEZY库存	YEEZY库存
YEEZY还有库存吗 	YEEZY库存
椰子有多少库存啊	YEEZY库存
椰子库存有多少	YEEZY库存
有多少的库存量 YEEZY	YEEZY库存
YEEZY库存量有多少	YEEZY库存
这次yeezy发多少库存	YEEZY库存
YEEZY库存有多少	YEEZY库存
这次你们发了多少的库存啊	YEEZY库存
本次YEEZY有多少库存	YEEZY库存
YEEZY库存还有多少	YEEZY库存
YEEZY发售多少库存	YEEZY库存
你们这次发售了多少YEEZY库存	YEEZY库存
YEEZY库存多吗 	YEEZY库存
YEEZY库存有多少，发了多少	YEEZY库存
怎么看你们发了多少YEEZY库存？	YEEZY库存
抽签结果	抽签结果
抽签结果啥时候有	抽签结果
抽签结果怎么看	抽签结果
怎么看抽签结果	抽签结果
什么时候有抽签结果	抽签结果
怎么看我也没有中签	抽签结果
怎么查看我中签了	抽签结果
怎么知道我中签了	抽签结果
抽签结果短信通知的吗	抽签结果
抽签结果谁告诉我	抽签结果
我怎么才能知道中签了	抽签结果
抽签的结果在哪里看	抽签结果
抽签的结果我怎么看	抽签结果
我想知道我中签了吗	抽签结果
怎么看我中签结果啊	抽签结果
我参与了YEEZY怎么看中签结果	抽签结果
无法登录	无法登录
无法登陆啊	无法登录
 怎么没有办法登陆呢	无法登录
怎么没有办法登陆app	无法登录
怎么没有办法登陆呢	无法登录
用这个号码怎么无法登陆？	无法登录
怎么登录不了呢	无法登录
在中签并且需要付款的时候登不上，错失的鞋子算谁的？	无法登录
你好，我想问下我的账户从新更新后显示已在其他用户登录，但我没有在其他平台登陆	无法登录
无法登陆如何处理	无法登录
软件无法登陆是怎么回事	无法登录
confirmed无法登陆为什么	无法登录
无法登陆呀哥哥	无法登录
软件无法登陆	无法登录
软件无法登陆，刷新了也不行	无法登录
我的账号在别的手机上登录提示 很抱歉 好像出错了	无法登录
下次活动	下次活动
守了一天一双都没抢到YEEZY	下次活动
昨天没抢到yeezy 还补货吗	下次活动
我喜欢的yeezy没抢到	下次活动
没抢到啊	下次活动
我YEEZY没有买到啊	下次活动
我没有抢到yeezy	下次活动
抢购失败啊，没有抢到	下次活动
手慢了我们没有抢到啊	下次活动
我没有抢到我的YEEZY啊	下次活动
发布的yezzy700v3的链接怎么没有了	下次活动
yeezy350怎么才能买到	下次活动
一次没抢到，就不能给次机会	下次活动
yeezy350我从6点抢到现在没抢到	下次活动
我今天抢鞋没抢到	下次活动
买yeezy的时候有码数，但是一直显示没抢到	下次活动
